meeting_no,meeting_type,meeting_start,meeting_end,effective_date,effective_date_flag,mpr,mpr_change_bp,decision,corrected,doc_id,match_method,conflict,rate_agrees,has_statement
1,regular,2002-11-20,2002-11-21,2002-11-21,False,25.5,,,False,,,,,False
2,regular,2003-01-22,2003-01-24,2003-01-24,False,25.5,0.0,hold,False,22407,letterhead_date,True,True,True
3,regular,2003-03-19,2003-03-21,2003-03-21,False,27.5,200.0,hike,False,,,,,False
4,regular,2003-05-21,2003-05-23,2003-05-23,False,27.5,0.0,hold,False,22410,letterhead_date,False,True,True
5,regular,2003-07-16,2003-07-18,2003-07-18,False,26.0,-150.0,cut,False,,,,,False
6,regular,2003-10-08,2003-10-10,2003-10-10,False,24.0,-200.0,cut,False,22413,letterhead_date,False,True,True
7,regular,2003-12-10,2003-12-12,2003-12-12,False,21.5,-250.0,cut,False,22404,letterhead_date,False,True,True
8,regular,2004-02-18,2004-02-20,2004-02-20,False,20.0,-150.0,cut,False,22419,letterhead_date,False,True,True
9,regular,2004-05-18,2004-05-20,2004-05-21,False,18.5,-150.0,cut,False,22422,letterhead_date,False,True,True
10,regular,2004-08-17,2004-08-20,2004-08-20,False,18.5,0.0,hold,False,22416,letterhead_date,False,True,True
11,regular,2004-11-09,2004-11-12,2004-11-12,False,18.5,0.0,hold,False,22425,letterhead_date,False,True,True
12,regular,2005-01-17,2005-01-21,2005-01-24,False,18.5,0.0,hold,False,22428,letterhead_date,False,True,True
13,regular,2005-03-22,2005-03-24,2005-03-29,False,18.5,0.0,hold,True,22435,letterhead_date,False,True,True
14,regular,2005-05-24,2005-05-27,2005-05-30,False,16.5,-200.0,cut,False,22440,letterhead_date,False,True,True
15,regular,2005-07-20,2005-07-22,2005-07-25,False,16.5,0.0,hold,False,22432,letterhead_date,False,True,True
16,regular,2005-09-07,2005-09-09,2005-09-12,False,15.5,-100.0,cut,False,22447,letterhead_date,False,True,True
17,regular,2005-11-22,2005-11-25,2005-11-28,False,15.5,0.0,hold,False,22443,letterhead_date,False,True,True
18,regular,2006-01-25,2006-01-30,2006-01-30,False,14.5,-100.0,cut,False,22453,letterhead_date,False,True,True
19,regular,2006-03-21,2006-03-24,2006-03-27,False,14.5,0.0,hold,False,,,,,False
20,regular,2006-05-16,2006-05-19,2006-05-22,False,14.5,0.0,hold,False,22459,letterhead_date,False,True,True
21,regular,2006-07-25,2006-07-28,2006-07-31,False,14.5,0.0,hold,False,22456,letterhead_date,False,True,True
22,regular,2006-10-10,2006-10-13,2006-10-16,False,14.5,0.0,hold,False,22462,letterhead_date,False,True,True
23,regular,2006-12-13,2006-12-15,2006-12-18,False,12.5,-200.0,cut,False,22450,letterhead_date,False,True,True
24,regular,2007-03-12,2007-03-16,2007-03-19,False,12.5,0.0,hold,False,22471,letterhead_date,False,True,True
25,regular,2007-05-14,2007-05-18,2007-05-21,False,12.5,0.0,hold,False,22477,letterhead_date,False,True,True
26,regular,2007-08-21,2007-08-24,2007-08-27,False,12.5,0.0,hold,False,22465,letterhead_date,False,True,True
27,regular,2007-10-15,2007-10-19,2007-10-22,False,13.5,100.0,hike,False,22474,letterhead_date,False,True,True
28,regular,2008-01-21,2008-01-25,2008-01-28,False,13.5,0.0,hold,False,22481,letterhead_date,False,True,True
29,regular,2008-03-10,2008-03-14,2008-03-17,False,14.25,75.0,hike,True,22487,letterhead_date,False,True,True
30,regular,2008-05-19,2008-05-23,2008-05-23,False,16.0,175.0,hike,False,22490,letterhead_date,False,True,True
31,regular,2008-07-14,2008-07-18,2008-07-21,False,17.0,100.0,hike,False,22484,letterhead_date,False,True,True
32,regular,2008-10-21,2008-10-24,2008-10-28,False,17.0,0.0,hold,False,22493,letterhead_date,False,True,True
33,regular,2009-02-17,2009-02-23,2009-02-24,False,18.5,150.0,hike,False,22496,letterhead_date,False,True,True
34,regular,2009-05-06,2009-05-08,2009-05-12,False,18.5,0.0,hold,False,22499,letterhead_date,False,True,True
35,regular,2009-07-14,2009-07-17,2009-07-21,False,18.5,0.0,hold,False,22468,letterhead_date,False,True,True
36,regular,2009-09-16,2009-09-22,2009-09-23,False,18.5,0.0,hold,False,22502,letterhead_date,False,True,True
37,regular,2009-11-16,2009-11-18,2009-11-20,False,18.0,-50.0,cut,False,22505,title,False,True,True
38,regular,2010-02-15,2010-02-17,2010-02-19,False,16.0,-200.0,cut,False,22509,letterhead_date,False,True,True
39,regular,2010-04-12,2010-04-14,2010-04-16,False,15.0,-100.0,cut,False,22643,letterhead_date,False,True,True
40,regular,2010-07-12,2010-07-16,2010-07-16,False,13.5,-150.0,cut,False,22515,letterhead_date,False,True,True
41,regular,2010-09-13,2010-09-17,2010-09-17,False,13.5,0.0,hold,False,22521,text_number,False,True,True
42,regular,2010-12-06,2010-12-10,2010-12-10,False,13.5,0.0,hold,False,,,,,False
43,regular,2011-02-14,2011-02-18,2011-02-18,False,13.5,0.0,hold,False,22512,text_number,False,True,True
44,regular,2011-05-09,2011-05-13,2011-05-13,False,13.0,-50.0,cut,False,22518,text_number,False,True,True
45,regular,2011-07-04,2011-07-06,2011-07-06,False,12.5,-50.0,cut,False,,,,,False
46,regular,2011-08-29,2011-09-01,2011-09-01,False,12.5,0.0,hold,False,,,,,False
47,regular,2011-10-17,2011-10-19,2011-10-19,False,12.5,0.0,hold,False,,,,,False
48,regular,2011-12-19,2011-12-21,2011-12-21,False,12.5,0.0,hold,False,22524,letterhead_date,False,True,True
49,regular,2012-02-13,2012-02-15,2012-02-15,False,13.5,100.0,hike,False,,,,,False
50,regular,2012-04-11,2012-04-13,2012-04-13,False,14.5,100.0,hike,False,,,,,False
51,regular,2012-06-11,2012-06-13,2012-06-13,False,15.0,50.0,hike,False,22571,letterhead_date,False,True,True
52,regular,2012-09-10,2012-09-12,2012-09-12,False,15.0,0.0,hold,False,22614,letterhead_date,False,True,True
53,regular,2012-11-12,2012-11-14,2012-11-14,False,15.0,0.0,hold,False,,,,,False
54,regular,2013-02-11,2013-02-13,2013-02-13,False,15.0,0.0,hold,False,22530,text_number,False,True,True
55,regular,2013-05-20,2013-05-22,2013-05-22,False,16.0,100.0,hike,False,22578,letterhead_date,False,True,True
56,regular,2013-07-29,2013-07-31,2013-07-31,False,16.0,0.0,hold,False,22554,letterhead_date,False,True,True
57,regular,2013-09-16,2013-09-18,2013-09-18,False,16.0,0.0,hold,False,22624,title,False,True,True
58,regular,2013-11-25,2013-11-27,2013-11-27,False,16.0,0.0,hold,False,,,,,False
59,emergency,2014-02-05,2014-02-06,2014-02-06,False,18.0,200.0,hike,True,22541,title,False,True,True
59,regular,2014-03-31,2014-04-02,2014-04-02,False,18.0,0.0,hold,True,22527,text_number,False,True,True
60,regular,,2014-07-09,2014-07-09,False,19.0,100.0,hike,True,22557,letterhead_date,False,True,True
61,regular,2014-09-16,2014-09-18,2014-09-18,False,19.0,0.0,hold,False,22608,text_number,False,True,True
62,regular,2014-11-10,2014-11-12,2014-11-12,False,21.0,200.0,hike,False,22595,text_number,False,True,True
63,regular,2015-02-16,2015-02-18,2015-02-18,False,21.0,0.0,hold,False,22535,title,False,True,True
64,regular,2015-05-11,2015-05-13,2015-05-13,False,22.0,100.0,hike,False,22581,title,False,True,True
65,regular,2015-07-13,2015-07-15,2015-07-15,False,22.0,0.0,hold,True,22560,text_number,False,True,True
66,regular,2015-09-11,2015-09-14,2015-09-14,False,25.0,300.0,hike,False,22631,text_number,False,True,True
67,regular,2015-11-13,2015-11-16,2015-11-16,False,26.0,100.0,hike,False,22598,text_number,False,True,True
68,regular,2016-01-22,2016-01-25,2016-01-25,False,26.0,0.0,hold,False,22646,text_number,False,True,True
69,regular,2016-03-18,2016-03-21,2016-03-21,False,26.0,0.0,hold,False,22649,text_number,False,True,True
70,regular,2016-05-13,2016-05-16,2016-05-16,False,26.0,0.0,hold,False,22585,letterhead_date,False,True,True
71,regular,2016-07-15,2016-07-18,2016-07-18,False,26.0,0.0,hold,False,22568,letterhead_date,False,True,True
72,regular,2016-09-16,2016-09-19,2016-09-19,False,26.0,0.0,hold,False,22611,letterhead_date,False,True,True
73,regular,2016-11-18,2016-11-21,2016-11-21,False,25.5,-50.0,cut,False,22601,letterhead_date,False,True,True
74,regular,2017-01-20,2017-01-23,2017-01-23,False,25.5,0.0,hold,False,22544,letterhead_date,False,True,True
75,regular,2017-03-24,2017-03-27,2017-03-27,False,23.5,-200.0,cut,False,22575,letterhead_date,False,True,True
76,regular,2017-05-19,2017-05-22,2017-05-22,False,22.5,-100.0,cut,False,22589,title,False,True,True
77,regular,2017-07-21,2017-07-24,2017-07-24,False,21.0,-150.0,cut,False,22551,letterhead_date,False,True,True
78,regular,2017-09-22,2017-09-25,2017-09-25,False,21.0,0.0,hold,False,,,,,False
79,regular,2017-11-24,2017-11-27,2017-11-27,False,20.0,-100.0,cut,False,22604,letterhead_date,False,True,True
80,regular,2018-01-17,2018-01-19,2018-01-19,False,20.0,0.0,hold,False,17209,letterhead_date,False,True,True
81,regular,2018-03-21,2018-03-23,2018-03-23,False,18.0,-200.0,cut,True,17219,text_number,False,True,True
82,regular,2018-05-16,2018-05-18,2018-05-21,False,17.0,-100.0,cut,False,17227,letterhead_date,False,True,True
83,regular,2018-07-18,2018-07-20,2018-07-23,False,17.0,0.0,hold,False,17233,letterhead_date,False,True,True
84,regular,2018-09-18,2018-09-20,2018-09-24,False,17.0,0.0,hold,False,17262,text_number,False,,True
85,regular,2018-11-21,2018-11-23,2018-11-26,False,17.0,0.0,hold,False,17273,letterhead_date,False,True,True
86,regular,2019-01-23,2019-01-25,2019-01-28,False,16.0,-100.0,cut,False,17285,letterhead_date,False,True,True
87,regular,2019-03-26,2019-03-29,2019-04-01,False,16.0,0.0,hold,False,17305,text_number,False,True,True
88,regular,2019-05-22,2019-05-24,2019-05-27,False,16.0,0.0,hold,False,17307,text_number,False,True,True
89,regular,2019-07-17,2019-07-18,2019-07-19,False,16.0,0.0,hold,False,17315,text_number,False,True,True
90,regular,2019-09-17,2019-09-19,2019-09-20,False,16.0,0.0,hold,False,18654,letterhead_date,False,True,True
91,regular,2019-11-20,2019-11-22,2019-11-25,False,16.0,0.0,hold,False,19512,letterhead_date,False,True,True
92,regular,2020-01-27,2020-01-30,2020-01-31,False,16.0,0.0,hold,False,20462,letterhead_date,False,True,True
93,regular,2020-03-16,2020-03-18,2020-03-18,False,14.5,-150.0,cut,False,21241,letterhead_date,False,True,True
94,regular,2020-05-19,2020-05-21,2020-05-22,False,14.5,0.0,hold,False,,,,,False
95,regular,2020-07-22,2020-07-24,2020-07-27,False,14.5,0.0,hold,False,25062,letterhead_date,False,True,True
96,regular,2020-09-22,2020-09-25,2020-09-28,False,14.5,0.0,hold,False,26157,letterhead_date,False,True,True
97,regular,2020-11-18,2020-11-20,2020-11-23,False,14.5,0.0,hold,False,26831,letterhead_date,False,True,True
98,regular,2021-01-26,2021-01-29,2021-02-01,False,14.5,0.0,hold,False,,,,,False
99,regular,2021-03-17,2021-03-19,2021-03-22,False,14.5,0.0,hold,False,28020,letterhead_date,False,True,True
100,regular,2021-05-26,2021-05-28,2021-05-31,False,13.5,-100.0,cut,False,28784,letterhead_date,False,True,True
101,regular,2021-07-21,2021-07-23,2021-07-26,False,13.5,0.0,hold,False,29567,text_number,False,True,True
102,regular,2021-09-22,2021-09-24,2021-09-27,False,13.5,0.0,hold,False,30280,letterhead_date,False,True,True
103,regular,2021-11-16,2021-11-19,2021-11-22,False,14.5,100.0,hike,False,31087,letterhead_date,False,True,True
104,regular,2022-01-25,2022-01-28,2022-01-31,False,14.5,0.0,hold,False,31925,text_number,False,True,True
105,regular,2022-03-16,2022-03-18,2022-03-21,False,17.0,250.0,hike,False,32459,letterhead_date,False,True,True
106,regular,2022-05-18,2022-05-20,2022-05-23,False,19.0,200.0,hike,False,33453,text_number,False,True,True
107,regular,2022-07-20,2022-07-22,2022-07-25,False,19.0,0.0,hold,False,34434,title,False,True,True
107,emergency,2022-08-17,2022-08-17,2022-08-17,False,22.0,300.0,hike,False,34742,letterhead_date,False,True,True
108,regular,2022-09-20,2022-09-23,2022-10-06,False,24.5,250.0,hike,False,35353,text_number,False,True,True
109,regular,2022-11-22,2022-11-25,2022-11-28,False,27.0,250.0,hike,False,35913,text_number,False,True,True
110,regular,2023-01-22,2023-01-25,2023-01-30,False,28.0,100.0,hike,False,36538,text_number,False,True,True
111,regular,2023-03-22,2023-03-24,2023-03-27,False,29.5,150.0,hike,False,37138,text_number,False,True,True
112,regular,2023-05-17,2023-05-19,2023-05-22,False,29.5,0.0,hold,False,37617,text_number,False,True,True
113,regular,2023-07-19,2023-07-21,2023-07-24,False,30.0,50.0,hike,False,38313,text_number,False,True,True
114,regular,2023-09-19,2023-09-22,2023-09-25,False,30.0,0.0,hold,False,39045,text_number,False,True,True
115,regular,2023-11-22,2023-11-24,2023-11-27,False,30.0,0.0,hold,False,40339,text_number,False,True,True
116,regular,2024-01-23,2024-01-26,2024-01-29,False,29.0,-100.0,cut,False,41136,text_number,False,True,True
117,regular,2024-03-20,2024-03-22,2024-03-25,False,29.0,0.0,hold,False,41149,text_number,False,True,True
118,regular,2024-05-22,2024-05-24,2024-05-27,False,29.0,0.0,hold,False,43039,text_number,False,True,True
119,regular,2024-07-23,2024-07-26,2024-07-26,False,29.0,0.0,hold,False,43894,text_number,False,True,True
120,regular,2024-09-24,2024-09-27,2024-09-27,False,27.0,-200.0,cut,False,44551,text_number,False,True,True
121,regular,2024-11-26,2024-11-29,2024-11-29,False,27.0,0.0,hold,False,45213,title,False,True,True
122,regular,2025-01-22,2025-01-24,2025-01-27,False,27.0,0.0,hold,False,45870,text_number,False,True,True
123,regular,2025-03-24,2025-03-26,2025-03-28,False,28.0,100.0,hike,False,46794,letterhead_date,False,True,True
124,regular,2025-05-21,2025-05-23,2025-05-23,False,28.0,0.0,hold,False,47535,letterhead_date,False,True,True
125,regular,2025-07-28,2025-07-30,2025-07-30,False,25.0,-300.0,cut,False,48644,letterhead_date,False,True,True
126,regular,2025-09-15,2025-09-17,2025-09-17,False,21.5,-350.0,cut,False,49573,text_number,False,True,True
127,regular,2025-11-24,2025-11-26,2025-09-18,True,18.0,-350.0,cut,False,50640,text_number,False,True,True
128,regular,2026-01-26,2026-01-28,2026-01-28,False,15.5,-250.0,cut,False,51631,text_number,False,True,True
129,regular,2026-03-16,2026-03-18,2026-03-18,False,14.0,-150.0,cut,False,52472,text_number,False,True,True
130,regular,2026-05-18,2026-05-20,2026-05-20,False,14.0,0.0,hold,False,54283,text_number,False,True,True
131,regular,2026-07-20,2026-07-22,2026-07-22,False,14.0,0.0,hold,False,55265,text_number,False,True,True
132,regular,2026-09-23,2026-09-24,2026-09-24,False,14.0,0.0,hold,False,56326,text_number,False,True,True
