doc_id,meeting_no,meeting_type,infl
22407,2,regular,15.2
22410,4,regular,30.0
22413,6,regular,27.7
22404,7,regular,
22419,8,regular,23.6
22422,9,regular,
22416,10,regular,12.4
22425,11,regular,
22428,12,regular,11.8
22435,13,regular,11.6
22440,14,regular,16.6
22432,15,regular,15.7
22447,16,regular,14.9
22443,17,regular,
22453,18,regular,16.7
22459,20,regular,9.9
22456,21,regular,
22462,22,regular,11.4
22450,23,regular,10.3
22471,24,regular,
22477,25,regular,10.5
22465,26,regular,10.1
22474,27,regular,10.2
22481,28,regular,12.7
22487,29,regular,12.8
22490,30,regular,
22484,31,regular,
22493,32,regular,18.4
22496,33,regular,19.8
22499,34,regular,20.5
22468,35,regular,20.6
22502,36,regular,20.7
22505,37,regular,20.7
22509,38,regular,18.0
22643,39,regular,20.5
22515,40,regular,9.5
22521,41,regular,9.4
22512,43,regular,9.1
22518,44,regular,9.02
22524,48,regular,
22571,51,regular,
22614,52,regular,9.5
22530,54,regular,
22578,55,regular,10.6
22554,56,regular,11.2
22624,57,regular,11.8
22541,59,emergency,18.0
22527,59,regular,14.0
22557,60,regular,
22608,61,regular,
22595,62,regular,
22535,63,regular,17.0
22581,64,regular,
22560,65,regular,16.9
22631,66,regular,17.9
22598,67,regular,17.4
22646,68,regular,17.7
22649,69,regular,19.0
22585,70,regular,19.2
22568,71,regular,18.7
22611,72,regular,18.4
22601,73,regular,15.8
22544,74,regular,15.4
22575,75,regular,15.4
22589,76,regular,12.8
22551,77,regular,12.6
22604,79,regular,11.6
17209,80,regular,11.8
17219,81,regular,10.3
17227,82,regular,9.6
17233,83,regular,10.0
17262,84,regular,9.6
17273,85,regular,9.5
17285,86,regular,9.4
17305,87,regular,
17307,88,regular,9.3
17315,89,regular,9.4
18654,90,regular,7.8
19512,91,regular,8.0
20462,92,regular,8.0
21241,93,regular,7.8
22716,94,regular,10.6
25062,95,regular,11.2
26157,96,regular,
26831,97,regular,
28020,99,regular,9.9
28784,100,regular,8.5
29567,101,regular,7.5
30280,102,regular,9.0
31087,103,regular,10.6
31925,104,regular,12.6
32459,105,regular,
33453,106,regular,19.4
34434,107,regular,27.6
34742,107,emergency,31.7
35353,108,regular,33.9
35913,109,regular,40.4
36538,110,regular,54.1
37138,111,regular,54.1
37617,112,regular,45.0
38313,113,regular,42.5
39045,114,regular,40.1
40339,115,regular,35.2
41136,116,regular,23.2
41149,117,regular,23.2
43039,118,regular,23.1
43894,119,regular,22.8
44551,120,regular,
45213,121,regular,20.4
45870,122,regular,25.8
46794,123,regular,22.4
47535,124,regular,
48644,125,regular,13.7
49573,126,regular,11.5
50640,127,regular,
51631,128,regular,5.4
52472,129,regular,
54283,130,regular,3.4
55265,131,regular,5.3
56326,132,regular,
48471,,emergency,13.7
