meeting_no,meeting_type,meeting_end,mpr,mpr_change_bp,decision,doc_id,title,doc_type,match_method,conflict,rate_agrees,letterhead_date,text_number,title_ym,n_chars,pdf_file,txt_file,page_url,pdf_url
2,regular,2003-01-24,25.5,0,hold,22407,MPC Press Release – January 2003,press_release,letterhead_date,True,True,2003-01-24,7,2003-01,5885,data/raw/pdf/2003-01_22407.pdf,data/raw/txt/2003-01_22407.txt,https://www.bog.gov.gh/mpc_press_release/mpc-press-release-january-2003/,https://www.bog.gov.gh/wp-content/uploads/2020/05/2003-MPC-Press-Release-January-1.pdf
4,regular,2003-05-23,27.5,0,hold,22410,MPC Press Release – May 2003,press_release,letterhead_date,False,True,2003-05-23,,2003-05,6191,data/raw/pdf/2003-05_22410.pdf,data/raw/txt/2003-05_22410.txt,https://www.bog.gov.gh/mpc_press_release/mpc-press-release-may-2003/,https://www.bog.gov.gh/wp-content/uploads/2020/05/2003-MPC-Press-Release-May.pdf
6,regular,2003-10-10,24.0,-200,cut,22413,MPC Press Release – October 2003,press_release,letterhead_date,False,True,2003-10-10,,2003-10,6626,data/raw/pdf/2003-10_22413.pdf,data/raw/txt/2003-10_22413.txt,https://www.bog.gov.gh/mpc_press_release/mpc-press-release-october-2003/,https://www.bog.gov.gh/wp-content/uploads/2020/05/2003-MPC-PRESS-RELEASE-October.pdf
7,regular,2003-12-12,21.5,-250,cut,22404,MPC Press Release – December 2003,press_release,letterhead_date,False,True,2003-12-12,,2003-12,7819,data/raw/pdf/2003-12_22404.pdf,data/raw/txt/2003-12_22404.txt,https://www.bog.gov.gh/mpc_press_release/mpc-press-release-december-2003/,https://www.bog.gov.gh/wp-content/uploads/2020/05/2003-MPC-Press-Release-Decmber.pdf
8,regular,2004-02-20,20.0,-150,cut,22419,MPC Press Release – February 2004,press_release,letterhead_date,False,True,2004-02-20,,2004-02,7308,data/raw/pdf/2004-02_22419.pdf,data/raw/txt/2004-02_22419.txt,https://www.bog.gov.gh/mpc_press_release/mpc-press-release-february-2004/,https://www.bog.gov.gh/wp-content/uploads/2020/05/2004-MPC-Press-Release-February.pdf
9,regular,2004-05-20,18.5,-150,cut,22422,MPC Press Release – May 2004,press_release,letterhead_date,False,True,2004-05-21,,2004-05,8109,data/raw/pdf/2004-05_22422.pdf,data/raw/txt/2004-05_22422.txt,https://www.bog.gov.gh/mpc_press_release/mpc-press-release-may-2004/,https://www.bog.gov.gh/wp-content/uploads/2020/05/2004-MPC-Press-Release-May.pdf
10,regular,2004-08-20,18.5,0,hold,22416,MPC Press Release – August 2014,press_release,letterhead_date,False,True,2004-08-20,,2014-08,9795,data/raw/pdf/2014-08_22416.pdf,data/raw/txt/2014-08_22416.txt,https://www.bog.gov.gh/mpc_press_release/mpc-press-release-august-2014/,https://www.bog.gov.gh/wp-content/uploads/2020/05/2004-MPC-Press-Release-August.pdf
11,regular,2004-11-12,18.5,0,hold,22425,MPC Press Release – November 2004,press_release,letterhead_date,False,True,2004-11-12,,2004-11,11558,data/raw/pdf/2004-11_22425.pdf,data/raw/txt/2004-11_22425.txt,https://www.bog.gov.gh/mpc_press_release/mpc-press-release-november-2004/,https://www.bog.gov.gh/wp-content/uploads/2020/05/2004-MPC-Press-Release-November.pdf
12,regular,2005-01-21,18.5,0,hold,22428,MPC Press Release – January 2005,press_release,letterhead_date,False,True,2005-01-24,,2005-01,12155,data/raw/pdf/2005-01_22428.pdf,data/raw/txt/2005-01_22428.txt,https://www.bog.gov.gh/mpc_press_release/mpc-press-release-january-2004/,https://www.bog.gov.gh/wp-content/uploads/2020/05/2005-MPC-PRESS-RELEASE-January.pdf
13,regular,2005-03-24,18.5,0,hold,22435,MPC Press Release – March 2005,press_release,letterhead_date,False,True,2005-03-29,,2005-03,11655,data/raw/pdf/2005-03_22435.pdf,data/raw/txt/2005-03_22435.txt,https://www.bog.gov.gh/mpc_press_release/mpc-press-release-march-2005/,https://www.bog.gov.gh/wp-content/uploads/2020/05/2005-MPC-PRESS-RELEASE-March.pdf
14,regular,2005-05-27,16.5,-200,cut,22440,MPC Press Release – May 2005,press_release,letterhead_date,False,True,2005-05-30,,2005-05,11943,data/raw/pdf/2005-05_22440.pdf,data/raw/txt/2005-05_22440.txt,https://www.bog.gov.gh/mpc_press_release/mpc-press-release-may-2005/,https://www.bog.gov.gh/wp-content/uploads/2020/05/2005-MPC-PRESS-RELEASE-May.pdf
15,regular,2005-07-22,16.5,0,hold,22432,MPC Press Release – July 2005,press_release,letterhead_date,False,True,2005-07-25,,2005-07,12092,data/raw/pdf/2005-07_22432.pdf,data/raw/txt/2005-07_22432.txt,https://www.bog.gov.gh/mpc_press_release/mpc-press-release-july-2005/,https://www.bog.gov.gh/wp-content/uploads/2020/05/2005-MPC-PRESS-RELEASE-July.pdf
16,regular,2005-09-09,15.5,-100,cut,22447,MPC Press Release – September 2005,press_release,letterhead_date,False,True,2005-09-12,,2005-09,12464,data/raw/pdf/2005-09_22447.pdf,data/raw/txt/2005-09_22447.txt,https://www.bog.gov.gh/mpc_press_release/mpc-press-release-september-2005/,https://www.bog.gov.gh/wp-content/uploads/2020/05/2005-MPC-PRESS-RELEASE-September.pdf
17,regular,2005-11-25,15.5,0,hold,22443,MPC Press Release – November 2005,press_release,letterhead_date,False,True,2005-11-28,,2005-11,11613,data/raw/pdf/2005-11_22443.pdf,data/raw/txt/2005-11_22443.txt,https://www.bog.gov.gh/mpc_press_release/mpc-press-release-november-2005/,https://www.bog.gov.gh/wp-content/uploads/2020/05/2005-MPC-PRESS-RELEASE-November-1.pdf
18,regular,2006-01-30,14.5,-100,cut,22453,MPC Press Release – January 2006,press_release,letterhead_date,False,True,2006-01-30,,2006-01,13843,data/raw/pdf/2006-01_22453.pdf,data/raw/txt/2006-01_22453.txt,https://www.bog.gov.gh/mpc_press_release/mpc-press-release-january-2006/,https://www.bog.gov.gh/wp-content/uploads/2020/05/2006-MPC-PRESS-RELEASE-January.pdf
20,regular,2006-05-19,14.5,0,hold,22459,MPC Press Release – May 2006,press_release,letterhead_date,False,True,2006-05-22,,2006-05,14407,data/raw/pdf/2006-05_22459.pdf,data/raw/txt/2006-05_22459.txt,https://www.bog.gov.gh/mpc_press_release/mpc-press-release-may-2006/,https://www.bog.gov.gh/wp-content/uploads/2020/05/2006-MPC-PRESS-RELEASE-May.pdf
21,regular,2006-07-28,14.5,0,hold,22456,MPC Press Release – July 2006,press_release,letterhead_date,False,True,2006-07-31,,2006-07,16063,data/raw/pdf/2006-07_22456.pdf,data/raw/txt/2006-07_22456.txt,https://www.bog.gov.gh/mpc_press_release/mpc-press-release-july-2006/,https://www.bog.gov.gh/wp-content/uploads/2020/05/2006-MPC-PRESS-RELEASE-July.pdf
22,regular,2006-10-13,14.5,0,hold,22462,MPC Press Release – October 2006,press_release,letterhead_date,False,True,2006-10-16,,2006-10,13816,data/raw/pdf/2006-10_22462.pdf,data/raw/txt/2006-10_22462.txt,https://www.bog.gov.gh/mpc_press_release/mpc-press-release-october-2006/,https://www.bog.gov.gh/wp-content/uploads/2020/05/2006-MPC-PRESS-RELEASE-October.pdf
23,regular,2006-12-15,12.5,-200,cut,22450,MPC Press Release – December 2006,press_release,letterhead_date,False,True,2006-12-18,,2006-12,13162,data/raw/pdf/2006-12_22450.pdf,data/raw/txt/2006-12_22450.txt,https://www.bog.gov.gh/mpc_press_release/mpc-press-release-december-2006/,https://www.bog.gov.gh/wp-content/uploads/2020/05/2006-MPC-PRESS-RELEASE-December.pdf
24,regular,2007-03-16,12.5,0,hold,22471,MPC Press Release – March 2007,press_release,letterhead_date,False,True,2007-03-19,,2007-03,14433,data/raw/pdf/2007-03_22471.pdf,data/raw/txt/2007-03_22471.txt,https://www.bog.gov.gh/mpc_press_release/mpc-press-release-march-2007/,https://www.bog.gov.gh/wp-content/uploads/2020/05/2007-MPC-PRESS-RELEASE-March.pdf
25,regular,2007-05-18,12.5,0,hold,22477,MPC Press Release – May 2007,press_release,letterhead_date,False,True,2007-05-21,,2007-05,13398,data/raw/pdf/2007-05_22477.pdf,data/raw/txt/2007-05_22477.txt,https://www.bog.gov.gh/mpc_press_release/mpc-press-release-may-2007/,https://www.bog.gov.gh/wp-content/uploads/2020/05/2007-MPC-PRESS-RELEASE-May.pdf
26,regular,2007-08-24,12.5,0,hold,22465,MPC Press Release – August 2007,press_release,letterhead_date,False,True,2007-08-27,,2007-08,14408,data/raw/pdf/2007-08_22465.pdf,data/raw/txt/2007-08_22465.txt,https://www.bog.gov.gh/mpc_press_release/mpc-press-release-august-2007/,https://www.bog.gov.gh/wp-content/uploads/2020/05/2007-MPC-PRESS-RELEASE-August.pdf
27,regular,2007-10-19,13.5,100,hike,22474,MPC Press Release – November 2007,press_release,letterhead_date,False,True,2007-11-06,,2007-11,15952,data/raw/pdf/2007-11_22474.pdf,data/raw/txt/2007-11_22474.txt,https://www.bog.gov.gh/mpc_press_release/mpc-press-release-november-2007/,https://www.bog.gov.gh/wp-content/uploads/2020/05/2007-MPC-PRESS-RELEASE-November.pdf
28,regular,2008-01-25,13.5,0,hold,22481,MPC Press Release – January 2008,press_release,letterhead_date,False,True,2008-01-28,,2008-01,16518,data/raw/pdf/2008-01_22481.pdf,data/raw/txt/2008-01_22481.txt,https://www.bog.gov.gh/mpc_press_release/mpc-press-release-january-2008/,https://www.bog.gov.gh/wp-content/uploads/2020/05/2008-MPC-PRESS-RELEASE-January.pdf
29,regular,2008-03-14,14.25,75,hike,22487,MPC Press Release – March 2008,press_release,letterhead_date,False,True,2008-03-17,,2008-03,14761,data/raw/pdf/2008-03_22487.pdf,data/raw/txt/2008-03_22487.txt,https://www.bog.gov.gh/mpc_press_release/mpc-press-release-march-2008/,https://www.bog.gov.gh/wp-content/uploads/2020/05/2008-MPC-PRESS-RELEASE-March.pdf
30,regular,2008-05-23,16.0,175,hike,22490,MPC Press Release – May 2008,press_release,letterhead_date,False,True,2008-05-19,,2008-05,18120,data/raw/pdf/2008-05_22490.pdf,data/raw/txt/2008-05_22490.txt,https://www.bog.gov.gh/mpc_press_release/mpc-press-release-may-2008/,https://www.bog.gov.gh/wp-content/uploads/2020/05/2008-MPC-PRESS-RELEASE-May.pdf
31,regular,2008-07-18,17.0,100,hike,22484,MPC Press Release – July 2008,press_release,letterhead_date,False,True,2008-07-21,,2008-07,16611,data/raw/pdf/2008-07_22484.pdf,data/raw/txt/2008-07_22484.txt,https://www.bog.gov.gh/mpc_press_release/mpc-press-release-july-2008/,https://www.bog.gov.gh/wp-content/uploads/2020/05/2008-MPC-PRESS-RELEASE-July.pdf
32,regular,2008-10-24,17.0,0,hold,22493,MPC Press Release – October 2008,press_release,letterhead_date,False,True,2008-10-28,,2008-10,21268,data/raw/pdf/2008-10_22493.pdf,data/raw/txt/2008-10_22493.txt,https://www.bog.gov.gh/mpc_press_release/mpc-press-release-october-2008/,https://www.bog.gov.gh/wp-content/uploads/2020/05/2008-MPC-PRESS-RELEASE-October.pdf
33,regular,2009-02-23,18.5,150,hike,22496,MPC Press Release – February 2009,press_release,letterhead_date,False,True,2009-02-24,,2009-02,21805,data/raw/pdf/2009-02_22496.pdf,data/raw/txt/2009-02_22496.txt,https://www.bog.gov.gh/mpc_press_release/mpc-press-release-february-2009/,https://www.bog.gov.gh/wp-content/uploads/2020/05/2009-MPC-PRESS-RELEASE-February.pdf
34,regular,2009-05-08,18.5,0,hold,22499,MPC Press Release – May 2009,press_release,letterhead_date,False,True,2009-05-12,,2009-05,18668,data/raw/pdf/2009-05_22499.pdf,data/raw/txt/2009-05_22499.txt,https://www.bog.gov.gh/mpc_press_release/mpc-press-release-may-2009/,https://www.bog.gov.gh/wp-content/uploads/2020/05/2009-MPC-PRESS-RELEASE-May.pdf
35,regular,2009-07-17,18.5,0,hold,22468,MPC Press Release – July 2007,press_release,letterhead_date,False,True,2009-07-21,,2007-07,20618,data/raw/pdf/2007-07_22468.pdf,data/raw/txt/2007-07_22468.txt,https://www.bog.gov.gh/mpc_press_release/mpc-press-release-july-2007/,https://www.bog.gov.gh/wp-content/uploads/2020/05/2007-MPC-PRESS-RELEASE-July.pdf
36,regular,2009-09-22,18.5,0,hold,22502,MPC Press Release – September 2009,press_release,letterhead_date,False,True,2009-09-23,,2009-09,16932,data/raw/pdf/2009-09_22502.pdf,data/raw/txt/2009-09_22502.txt,https://www.bog.gov.gh/mpc_press_release/mpc-press-release-september-2009/,https://www.bog.gov.gh/wp-content/uploads/2020/05/2009-MPC-PRESS-RELEASE-September.pdf
37,regular,2009-11-18,18.0,-50,cut,22505,MPC Press Release – November 2009,press_release,title,False,True,,,2009-11,18327,data/raw/pdf/2009-11_22505.pdf,data/raw/txt/2009-11_22505.txt,https://www.bog.gov.gh/mpc_press_release/mpc-press-release-november-2009/,https://www.bog.gov.gh/wp-content/uploads/2020/05/2009-MPC-PRESS-RELEASE-Full-Text-November.pdf
38,regular,2010-02-17,16.0,-200,cut,22509,MPC Press Release – February 2010,press_release,letterhead_date,False,True,2010-02-19,,2010-02,10560,data/raw/pdf/2010-02_22509.pdf,data/raw/txt/2010-02_22509.txt,https://www.bog.gov.gh/mpc_press_release/mpc-press-release-february-2010/,https://www.bog.gov.gh/wp-content/uploads/2020/05/2010-MPC-PRESS-RELEASE-February.pdf
39,regular,2010-04-14,15.0,-100,cut,22643,MPC Press Release  -April 2010,press_release,letterhead_date,False,True,2010-04-16,,2010-04,16686,data/raw/pdf/2010-04_22643.pdf,data/raw/txt/2010-04_22643.txt,https://www.bog.gov.gh/mpc_press_release/mpc-press-release-april-2010/,https://www.bog.gov.gh/wp-content/uploads/2020/05/MPC-PRESS-RELEASE-April-2010-final.pdf
40,regular,2010-07-16,13.5,-150,cut,22515,MPC Press Release – July 2010,press_release,letterhead_date,False,True,2010-07-16,40,2010-07,16291,data/raw/pdf/2010-07_22515.pdf,data/raw/txt/2010-07_22515.txt,https://www.bog.gov.gh/mpc_press_release/mpc-press-release-july-2010/,https://www.bog.gov.gh/wp-content/uploads/2020/05/MPC-Press-Release-July-2010-The-Final-Document_2.pdf
41,regular,2010-09-17,13.5,0,hold,22521,MPC Press Release – September 2010,press_release,text_number,False,True,,41,2010-09,11288,data/raw/pdf/2010-09_22521.pdf,data/raw/txt/2010-09_22521.txt,https://www.bog.gov.gh/mpc_press_release/mpc-press-release-september-2010/,https://www.bog.gov.gh/wp-content/uploads/2020/05/MPC-Press-Release-Sept-2010.pdf
43,regular,2011-02-18,13.5,0,hold,22512,MPC Press Release – February 2011,press_release,text_number,False,True,,43,2011-02,13127,data/raw/pdf/2011-02_22512.pdf,data/raw/txt/2011-02_22512.txt,https://www.bog.gov.gh/mpc_press_release/mpc-press-release-february-2011/,https://www.bog.gov.gh/wp-content/uploads/2020/05/MPC-Press-Release-February-2011.pdf
44,regular,2011-05-13,13.0,-50,cut,22518,MPC Press Release – May 2011,press_release,text_number,False,True,,44,2011-05,13874,data/raw/pdf/2011-05_22518.pdf,data/raw/txt/2011-05_22518.txt,https://www.bog.gov.gh/mpc_press_release/mpc-press-release-may-2011/,https://www.bog.gov.gh/wp-content/uploads/2020/05/mpc-press-release-may-2011.pdf
48,regular,2011-12-21,12.5,0,hold,22524,MPC Press Release – December 2011,press_release,letterhead_date,False,True,2011-12-21,48,2011-12,12431,data/raw/pdf/2011-12_22524.pdf,data/raw/txt/2011-12_22524.txt,https://www.bog.gov.gh/mpc_press_release/mpc-press-release-december-2011/,https://www.bog.gov.gh/wp-content/uploads/2020/05/mpc-press-release-21-dec-2011.pdf
51,regular,2012-06-13,15.0,50,hike,22571,MPC Press Release – June 2012,press_release,letterhead_date,False,True,2012-06-13,51,2012-06,14751,data/raw/pdf/2012-06_22571.pdf,data/raw/txt/2012-06_22571.txt,https://www.bog.gov.gh/mpc_press_release/22571/,https://www.bog.gov.gh/wp-content/uploads/2020/05/mpc-press-release-june-2012.pdf
52,regular,2012-09-12,15.0,0,hold,22614,MPC Press Release – September 2012,press_release,letterhead_date,False,True,2012-09-12,52,2012-09,15060,data/raw/pdf/2012-09_22614.pdf,data/raw/txt/2012-09_22614.txt,https://www.bog.gov.gh/mpc_press_release/mpc-press-release-september-2012/,https://www.bog.gov.gh/wp-content/uploads/2020/05/mpc-press-release-september-2012.pdf
54,regular,2013-02-13,15.0,0,hold,22530,MPC Press Release – February 2013,press_release,text_number,False,True,,54,2013-02,16227,data/raw/pdf/2013-02_22530.pdf,data/raw/txt/2013-02_22530.txt,https://www.bog.gov.gh/mpc_press_release/mpc-press-release-february-2013/,https://www.bog.gov.gh/wp-content/uploads/2020/05/MPC-Press-Release-Feb-2013-final.pdf
55,regular,2013-05-22,16.0,100,hike,22578,MPC Press Release – May 2013,press_release,letterhead_date,False,True,2013-05-22,55,2013-05,14757,data/raw/pdf/2013-05_22578.pdf,data/raw/txt/2013-05_22578.txt,https://www.bog.gov.gh/mpc_press_release/mpc-press-release-may-2013/,https://www.bog.gov.gh/wp-content/uploads/2020/05/MPC-Press-Release-May-2013.pdf
56,regular,2013-07-31,16.0,0,hold,22554,MPC Press Release – July 2013,press_release,letterhead_date,False,True,2013-07-31,56,2013-07,13643,data/raw/pdf/2013-07_22554.pdf,data/raw/txt/2013-07_22554.txt,https://www.bog.gov.gh/mpc_press_release/mpc-press-release-july-2013/,https://www.bog.gov.gh/wp-content/uploads/2020/05/MPC-Press-Release-July-2013.pdf
57,regular,2013-09-18,16.0,0,hold,22624,MPC Press Release – September 2013,press_release,title,False,True,,,2013-09,13775,data/raw/pdf/2013-09_22624.pdf,data/raw/txt/2013-09_22624.txt,https://www.bog.gov.gh/mpc_press_release/mpc-press-release-september-2013/,https://www.bog.gov.gh/wp-content/uploads/2020/05/MPC-Press-Release-September-2013.pdf
59,emergency,2014-02-06,18.0,200,hike,22541,MPC Press Release – February 2014,press_release,title,False,True,,,2014-02,6740,data/raw/pdf/2014-02_22541.pdf,data/raw/txt/2014-02_22541.txt,https://www.bog.gov.gh/mpc_press_release/mpc-press-release-february-2014/,https://www.bog.gov.gh/wp-content/uploads/2020/05/MPC-Press-Release-February-2014.pdf
59,regular,2014-04-02,18.0,0,hold,22527,MPC Press Release – April 2014,press_release,text_number,False,True,,59,2014-04,13701,data/raw/pdf/2014-04_22527.pdf,data/raw/txt/2014-04_22527.txt,https://www.bog.gov.gh/mpc_press_release/mpc-press-release-april-2014/,https://www.bog.gov.gh/wp-content/uploads/2020/05/MPC-Press-Release-April-2014.pdf
60,regular,2014-07-09,19.0,100,hike,22557,MPC Press Release – July 2014,press_release,letterhead_date,False,True,2014-07-09,60,2014-07,15677,data/raw/pdf/2014-07_22557.pdf,data/raw/txt/2014-07_22557.txt,https://www.bog.gov.gh/mpc_press_release/mpc-press-release-july-2014/,https://www.bog.gov.gh/wp-content/uploads/2020/05/MPC-PRESS-RELEASE-July-2014.pdf
61,regular,2014-09-18,19.0,0,hold,22608,MPC Press Release – September 2014,press_release,text_number,False,True,,61,2014-09,11915,data/raw/pdf/2014-09_22608.pdf,data/raw/txt/2014-09_22608.txt,https://www.bog.gov.gh/mpc_press_release/mpc-press-release-september-2014/,https://www.bog.gov.gh/wp-content/uploads/2020/05/MPC-Press-Release-Sept.-2014.pdf
62,regular,2014-11-12,21.0,200,hike,22595,MPC Press Release – November 2014,press_release,text_number,False,True,,62,2014-11,13138,data/raw/pdf/2014-11_22595.pdf,data/raw/txt/2014-11_22595.txt,https://www.bog.gov.gh/mpc_press_release/mpc-press-release-november-2014/,https://www.bog.gov.gh/wp-content/uploads/2020/05/MPC-Press-Release-Nov.-2014.pdf
63,regular,2015-02-18,21.0,0,hold,22535,MPC Press Release – February 2015,press_release,title,False,True,,,2015-02,12410,data/raw/pdf/2015-02_22535.pdf,data/raw/txt/2015-02_22535.txt,https://www.bog.gov.gh/mpc_press_release/mpc-press-release-february-2015/,https://www.bog.gov.gh/wp-content/uploads/2020/05/MPC-Press-Release-Feb.-2015.pdf
64,regular,2015-05-13,22.0,100,hike,22581,MPC Press Release – May 2015,press_release,title,False,True,,,2015-05,9560,data/raw/pdf/2015-05_22581.pdf,data/raw/txt/2015-05_22581.txt,https://www.bog.gov.gh/mpc_press_release/mpc-press-release-may-2015/,https://www.bog.gov.gh/wp-content/uploads/2020/05/MPC-Press-Release-May-2015.pdf
65,regular,2015-07-15,22.0,0,hold,22560,MPC Press Release – July 2015,press_release,text_number,False,True,,65,2015-07,4851,data/raw/pdf/2015-07_22560.pdf,data/raw/txt/2015-07_22560.txt,https://www.bog.gov.gh/mpc_press_release/mpc-press-release-july-2015/,https://www.bog.gov.gh/wp-content/uploads/2020/05/MPC-Press-Release-July-2015.pdf
66,regular,2015-09-14,25.0,300,hike,22631,MPC Press Release – September 2015,press_release,text_number,False,True,,66,2015-09,5081,data/raw/pdf/2015-09_22631.pdf,data/raw/txt/2015-09_22631.txt,https://www.bog.gov.gh/mpc_press_release/mpc-press-release-september-2015/,https://www.bog.gov.gh/wp-content/uploads/2020/05/MPC-Press-Release-September-2015.pdf
67,regular,2015-11-16,26.0,100,hike,22598,MPC Press Release – November 2015,press_release,text_number,False,True,,67,2015-11,4572,data/raw/pdf/2015-11_22598.pdf,data/raw/txt/2015-11_22598.txt,https://www.bog.gov.gh/mpc_press_release/mpc-press-release-november-2015/,https://www.bog.gov.gh/wp-content/uploads/2020/05/MPC-Press-Release-Nov.-2015.pdf
68,regular,2016-01-25,26.0,0,hold,22646,MPC Press Release – January 2016,press_release,text_number,False,True,,68,2016-01,5081,data/raw/pdf/2016-01_22646.pdf,data/raw/txt/2016-01_22646.txt,https://www.bog.gov.gh/mpc_press_release/mpc-press-release-january-2016/,https://www.bog.gov.gh/wp-content/uploads/2020/05/MPC-Press-Release-Jan-2016.pdf
69,regular,2016-03-21,26.0,0,hold,22649,MPC Press Release – March 2016,press_release,text_number,False,True,,69,2016-03,5417,data/raw/pdf/2016-03_22649.pdf,data/raw/txt/2016-03_22649.txt,https://www.bog.gov.gh/mpc_press_release/mpc-press-release-march-2016/,https://www.bog.gov.gh/wp-content/uploads/2020/05/MPC-Press-Release-March-2016.pdf
70,regular,2016-05-16,26.0,0,hold,22585,MPC Press Release – May 2016,press_release,letterhead_date,False,True,2016-05-16,70,2016-05,5695,data/raw/pdf/2016-05_22585.pdf,data/raw/txt/2016-05_22585.txt,https://www.bog.gov.gh/mpc_press_release/mpc-press-release-may-2016/,https://www.bog.gov.gh/wp-content/uploads/2020/05/MPC-Press-Release-May-2016-1.pdf
71,regular,2016-07-18,26.0,0,hold,22568,MPC Press Release – July 2016,press_release,letterhead_date,False,True,2016-07-18,71,2016-07,6181,data/raw/pdf/2016-07_22568.pdf,data/raw/txt/2016-07_22568.txt,https://www.bog.gov.gh/mpc_press_release/mpc-press-release-july-2016/,https://www.bog.gov.gh/wp-content/uploads/2020/05/MPC-Press-Release-July-2016.pdf
72,regular,2016-09-19,26.0,0,hold,22611,MPC Press Release – September 2016,press_release,letterhead_date,False,True,2016-09-19,72,2016-09,5957,data/raw/pdf/2016-09_22611.pdf,data/raw/txt/2016-09_22611.txt,https://www.bog.gov.gh/mpc_press_release/mpc-press-release-september-2016/,https://www.bog.gov.gh/wp-content/uploads/2020/05/MPC-Press-Release-Sept.-2016.pdf
73,regular,2016-11-21,25.5,-50,cut,22601,MPC Press Release – November 2016,press_release,letterhead_date,False,True,2016-11-21,73,2016-11,5704,data/raw/pdf/2016-11_22601.pdf,data/raw/txt/2016-11_22601.txt,https://www.bog.gov.gh/mpc_press_release/mpc-press-release-november-2016/,https://www.bog.gov.gh/wp-content/uploads/2020/05/MPC-Press-Release-Nov.-2016.pdf
74,regular,2017-01-23,25.5,0,hold,22544,MPC Press Release – January 2017,press_release,letterhead_date,False,True,2017-01-23,74,2017-01,5513,data/raw/pdf/2017-01_22544.pdf,data/raw/txt/2017-01_22544.txt,https://www.bog.gov.gh/mpc_press_release/mpc-press-release-january-2017/,https://www.bog.gov.gh/wp-content/uploads/2020/05/MPC-Press-Release-Jan.-2017.pdf
75,regular,2017-03-27,23.5,-200,cut,22575,MPC Press Release – March 2017,press_release,letterhead_date,False,True,2017-03-27,75,2017-03,4345,data/raw/pdf/2017-03_22575.pdf,data/raw/txt/2017-03_22575.txt,https://www.bog.gov.gh/mpc_press_release/mpc-press-release-march-2017/,https://www.bog.gov.gh/wp-content/uploads/2020/05/MPC-Press-Release-March-2017.pdf
76,regular,2017-05-22,22.5,-100,cut,22589,MPC Press Release – May 2017,press_release,title,False,True,,,2017-05,8372,data/raw/pdf/2017-05_22589.pdf,data/raw/txt/2017-05_22589.txt,https://www.bog.gov.gh/mpc_press_release/mpc-press-release-may-2017/,https://www.bog.gov.gh/wp-content/uploads/2020/05/MPC-Press-Release-May-2017.pdf
77,regular,2017-07-24,21.0,-150,cut,22551,MPC Press Release – July 2017,press_release,letterhead_date,False,True,2017-07-24,77,2017-07,9618,data/raw/pdf/2017-07_22551.pdf,data/raw/txt/2017-07_22551.txt,https://www.bog.gov.gh/mpc_press_release/mpc-press-release-july-2017/,https://www.bog.gov.gh/wp-content/uploads/2020/05/MPC-Press-Release-July-2017.pdf
79,regular,2017-11-27,20.0,-100,cut,22604,MPC Press Release – November 2017,press_release,letterhead_date,False,True,2017-11-27,,2017-11,10368,data/raw/pdf/2017-11_22604.pdf,data/raw/txt/2017-11_22604.txt,https://www.bog.gov.gh/mpc_press_release/mpc-press-release-november-2017/,https://www.bog.gov.gh/wp-content/uploads/2020/05/MPC-Press-Release-November-2017.pdf
80,regular,2018-01-19,20.0,0,hold,17209,MPC Press Release – Jan. 2018,press_release,letterhead_date,False,True,2018-01-22,80,2018-01,12157,data/raw/pdf/unknown_17209.pdf,data/raw/txt/unknown_17209.txt,https://www.bog.gov.gh/mpc_press_release/mpc-press-release-jan-2018/,https://www.bog.gov.gh/wp-content/uploads/2019/08/MPC_Press_Release_January_2018.pdf
81,regular,2018-03-23,18.0,-200,cut,17219,MPC Press Release – March 2018,press_release,text_number,False,True,,81,2018-03,11528,data/raw/pdf/2018-03_17219.pdf,data/raw/txt/2018-03_17219.txt,https://www.bog.gov.gh/mpc_press_release/mpc-press-release-march-2018/,https://www.bog.gov.gh/wp-content/uploads/2019/08/MPC-Press-Release-March-2018.pdf
82,regular,2018-05-18,17.0,-100,cut,17227,MPC Press Release – May 2018,press_release,letterhead_date,False,True,2018-05-21,,2018-05,12527,data/raw/pdf/2018-05_17227.pdf,data/raw/txt/2018-05_17227.txt,https://www.bog.gov.gh/mpc_press_release/mpc-press-release-may-2018/,https://www.bog.gov.gh/wp-content/uploads/2019/08/MPC-Press-Release-May-2018.pdf
83,regular,2018-07-20,17.0,0,hold,17233,MPC Press Release – July 2018,press_release,letterhead_date,False,True,2018-07-23,83,2018-07,11932,data/raw/pdf/2018-07_17233.pdf,data/raw/txt/2018-07_17233.txt,https://www.bog.gov.gh/mpc_press_release/mpc-press-release-july-2018/,https://www.bog.gov.gh/wp-content/uploads/2019/08/MPC-Press-Release-July-2018.pdf
84,regular,2018-09-20,17.0,0,hold,17262,MPC Press Release – September 2018,press_release,text_number,False,,,84,2018-09,12110,data/raw/pdf/2018-09_17262.pdf,data/raw/txt/2018-09_17262.txt,https://www.bog.gov.gh/mpc_press_release/mpc-press-release-september-2018/,https://www.bog.gov.gh/wp-content/uploads/2019/08/MPC_Press_Release_Sept_2018.pdf
85,regular,2018-11-23,17.0,0,hold,17273,MPC Press Release – November 2018,press_release,letterhead_date,False,True,2018-11-26,85,2018-11,14523,data/raw/pdf/2018-11_17273.pdf,data/raw/txt/2018-11_17273.txt,https://www.bog.gov.gh/mpc_press_release/mpc-press-release-november-2018/,https://www.bog.gov.gh/wp-content/uploads/2019/08/MPC-Press-Release-November-2018.pdf
86,regular,2019-01-25,16.0,-100,cut,17285,MPC Press Release – January 2019,press_release,letterhead_date,False,True,2019-01-28,86,2019-01,12759,data/raw/pdf/2019-01_17285.pdf,data/raw/txt/2019-01_17285.txt,https://www.bog.gov.gh/mpc_press_release/mpc-press-release-january-2019/,https://www.bog.gov.gh/wp-content/uploads/2019/08/MPC-Press-Release-January-2019.pdf
87,regular,2019-03-29,16.0,0,hold,17305,MPC Press Release – April 2019,press_release,text_number,False,True,,87,2019-04,15792,data/raw/pdf/2019-04_17305.pdf,data/raw/txt/2019-04_17305.txt,https://www.bog.gov.gh/mpc_press_release/mpc-press-release-april-2019/,https://www.bog.gov.gh/wp-content/uploads/2019/08/MPC-Press-Release-April-2019.pdf
88,regular,2019-05-24,16.0,0,hold,17307,MPC Press Release – May 2019,press_release,text_number,False,True,,88,2019-05,15105,data/raw/pdf/2019-05_17307.pdf,data/raw/txt/2019-05_17307.txt,https://www.bog.gov.gh/mpc_press_release/mpc-press-release-may-2019/,https://www.bog.gov.gh/wp-content/uploads/2019/08/MPC-Press-Release-May-2019.pdf
89,regular,2019-07-18,16.0,0,hold,17315,MPC Press Release – July 2019,press_release,text_number,False,True,,89,2019-07,13275,data/raw/pdf/2019-07_17315.pdf,data/raw/txt/2019-07_17315.txt,https://www.bog.gov.gh/mpc_press_release/mpc-press-release-july-2019/,https://www.bog.gov.gh/wp-content/uploads/2019/08/MPC-Press-Release-July-2019.pdf
90,regular,2019-09-19,16.0,0,hold,18654,MPC Press Release – September 2019,press_release,letterhead_date,False,True,2019-09-20,,2019-09,13620,data/raw/pdf/2019-09_18654.pdf,data/raw/txt/2019-09_18654.txt,https://www.bog.gov.gh/mpc_press_release/mpc-press-release-september-2019/,https://www.bog.gov.gh/wp-content/uploads/2019/09/MPC-Press-Conf-Release_Sept_20_2019.pdf
91,regular,2019-11-22,16.0,0,hold,19512,MPC Press Release – November 2019,press_release,letterhead_date,False,True,2019-11-25,91,2019-11,20143,data/raw/pdf/2019-11_19512.pdf,data/raw/txt/2019-11_19512.txt,https://www.bog.gov.gh/mpc_press_release/mpc-press-release-november-2019/,https://www.bog.gov.gh/wp-content/uploads/2019/11/MPC-Press-Release-Nov.-2019.pdf
92,regular,2020-01-30,16.0,0,hold,20462,MPC Press Release – January 2020,press_release,letterhead_date,False,True,2020-01-31,,2020-01,14877,data/raw/pdf/2020-01_20462.pdf,data/raw/txt/2020-01_20462.txt,https://www.bog.gov.gh/mpc_press_release/mpc-press-release-january-2020/,https://www.bog.gov.gh/wp-content/uploads/2020/01/MPC-Press-Release-January-2020-4.pdf
93,regular,2020-03-18,14.5,-150,cut,21241,MPC Press Release – March 2020,press_release,letterhead_date,False,True,2020-03-18,,2020-03,7409,data/raw/pdf/2020-03_21241.pdf,data/raw/txt/2020-03_21241.txt,https://www.bog.gov.gh/mpc_press_release/mpc-press-release-march-2020/,https://www.bog.gov.gh/wp-content/uploads/2020/03/MPC-Press-Release-March-2020-3.pdf
94,regular,2020-05-15,14.5,0,hold,22716,MPC Press Release – MAY 2020,press_release,letterhead_date,False,True,2020-05-15,,2020-05,12419,data/raw/pdf/2020-05_22716.pdf,data/raw/txt/2020-05_22716.txt,https://www.bog.gov.gh/mpc_press_release/mpc-press-release-may-2020/,https://www.bog.gov.gh/wp-content/uploads/2020/05/MPC-Press-Release-15th-May-2020-2.pdf
95,regular,2020-07-24,14.5,0,hold,25062,MPC Press Release – July 2020,press_release,letterhead_date,False,True,2020-07-27,95,2020-07,17793,data/raw/pdf/2020-07_25062.pdf,data/raw/txt/2020-07_25062.txt,https://www.bog.gov.gh/mpc_press_release/mpc-press-release-july-2020/,https://www.bog.gov.gh/wp-content/uploads/2020/07/MPC-Press-Release-July-2020-1.pdf
96,regular,2020-09-25,14.5,0,hold,26157,MPC Press Release – September 2020,press_release,letterhead_date,False,True,2020-09-28,96,2020-09,14894,data/raw/pdf/2020-09_26157.pdf,data/raw/txt/2020-09_26157.txt,https://www.bog.gov.gh/mpc_press_release/mpc-press-release-september-2020/,https://www.bog.gov.gh/wp-content/uploads/2020/09/MPC-Press-Release-September-2020-1.pdf
97,regular,2020-11-20,14.5,0,hold,26831,MPC Press Release – November 2020,press_release,letterhead_date,False,True,2020-11-23,97,2020-11,15212,data/raw/pdf/2020-11_26831.pdf,data/raw/txt/2020-11_26831.txt,https://www.bog.gov.gh/mpc_press_release/mpc-press-release-november-2020/,https://www.bog.gov.gh/wp-content/uploads/2020/11/97th-MPC-Press-Release-23rd-November-2020-2.pdf
99,regular,2021-03-19,14.5,0,hold,28020,MPC Press Release – March 2021,press_release,letterhead_date,False,True,2021-03-22,,2021-03,17055,data/raw/pdf/2021-03_28020.pdf,data/raw/txt/2021-03_28020.txt,https://www.bog.gov.gh/mpc_press_release/mpc-press-release-march-2021/,https://www.bog.gov.gh/wp-content/uploads/2021/03/MPC-Press-Release-March-2021.pdf
100,regular,2021-05-28,13.5,-100,cut,28784,MPC Press Release – May 2021,press_release,letterhead_date,False,True,2021-05-31,100,2021-05,17420,data/raw/pdf/2021-05_28784.pdf,data/raw/txt/2021-05_28784.txt,https://www.bog.gov.gh/mpc_press_release/mpc-press-release-may-2021/,https://www.bog.gov.gh/wp-content/uploads/2021/05/100th-MPC-Press-Release-May-2021.pdf
101,regular,2021-07-23,13.5,0,hold,29567,MPC Press Release – July 2021,press_release,text_number,False,True,,101,2021-07,19249,data/raw/pdf/2021-07_29567.pdf,data/raw/txt/2021-07_29567.txt,https://www.bog.gov.gh/mpc_press_release/mpc-press-release-july-2021/,https://www.bog.gov.gh/wp-content/uploads/2021/07/MPC-Press-Release-July-26-2021.pdf
102,regular,2021-09-24,13.5,0,hold,30280,MPC Press Release – September 2021,press_release,letterhead_date,False,True,2021-09-27,102,2021-09,21840,data/raw/pdf/2021-09_30280.pdf,data/raw/txt/2021-09_30280.txt,https://www.bog.gov.gh/mpc_press_release/mpc-press-release-september-2021/,https://www.bog.gov.gh/wp-content/uploads/2021/09/MPC-Press-Release-September-2021.pdf
103,regular,2021-11-19,14.5,100,hike,31087,MPC Press Release – November 2021,press_release,letterhead_date,False,True,2021-11-22,103,2021-11,18987,data/raw/pdf/2021-11_31087.pdf,data/raw/txt/2021-11_31087.txt,https://www.bog.gov.gh/mpc_press_release/mpc-press-release-november-2021/,https://www.bog.gov.gh/wp-content/uploads/2021/12/MPC-Press-Release-November-2021.pdf
104,regular,2022-01-28,14.5,0,hold,31925,MPC Press Release – January 2022,press_release,text_number,False,True,,104,2022-01,19359,data/raw/pdf/2022-01_31925.pdf,data/raw/txt/2022-01_31925.txt,https://www.bog.gov.gh/mpc_press_release/mpc-press-release-january-2022/,https://www.bog.gov.gh/wp-content/uploads/2022/01/MPC-Press-Release-January-2022.pdf
105,regular,2022-03-18,17.0,250,hike,32459,MPC Press Release – March 2022,press_release,letterhead_date,False,True,2022-03-21,105,2022-03,21196,data/raw/pdf/2022-03_32459.pdf,data/raw/txt/2022-03_32459.txt,https://www.bog.gov.gh/mpc_press_release/mpc-press-release-march-2022/,https://www.bog.gov.gh/wp-content/uploads/2022/03/MPC-Press-Release-March-2022.pdf
106,regular,2022-05-20,19.0,200,hike,33453,MPC Press Release – May 2022,press_release,text_number,False,True,,106,2022-05,19476,data/raw/pdf/2022-05_33453.pdf,data/raw/txt/2022-05_33453.txt,https://www.bog.gov.gh/mpc_press_release/mpc-press-release-may-2022/,https://www.bog.gov.gh/wp-content/uploads/2022/05/MPC-Press-Release-May-2022.pdf
107,regular,2022-07-22,19.0,0,hold,34434,MPC Press Release – July 2022,press_release,title,False,True,,,2022-07,18934,data/raw/pdf/2022-07_34434.pdf,data/raw/txt/2022-07_34434.txt,https://www.bog.gov.gh/mpc_press_release/mpc-press-release-july-2022/,https://www.bog.gov.gh/wp-content/uploads/2022/07/MPC-Press-Release-July-2022.pdf
107,emergency,2022-08-17,22.0,300,hike,34742,Emergency MPC Press Release – August 2022,emergency,letterhead_date,False,True,2022-08-17,,2022-08,4453,data/raw/pdf/2022-08_34742.pdf,data/raw/txt/2022-08_34742.txt,https://www.bog.gov.gh/mpc_press_release/emergency-mpc-press-release-august-2022/,https://www.bog.gov.gh/wp-content/uploads/2022/08/MPC-Press-Release-Emergency-MPC-Meeting-August-17-2022.pdf
108,regular,2022-09-23,24.5,250,hike,35353,MPC Press Release – October 2022,press_release,text_number,False,True,,108,2022-10,15644,data/raw/pdf/2022-10_35353.pdf,data/raw/txt/2022-10_35353.txt,https://www.bog.gov.gh/mpc_press_release/mpc-press-release-october-2022/,https://www.bog.gov.gh/wp-content/uploads/2022/10/MPC-Press-Release-October-2022.pdf
109,regular,2022-11-25,27.0,250,hike,35913,MPC Press Release – November 2022,press_release,text_number,False,True,,109,2022-11,21154,data/raw/pdf/2022-11_35913.pdf,data/raw/txt/2022-11_35913.txt,https://www.bog.gov.gh/mpc_press_release/mpc-press-release-november-2022/,https://www.bog.gov.gh/wp-content/uploads/2022/11/MPC-Press-Release-November-2022-1.pdf
110,regular,2023-01-25,28.0,100,hike,36538,MPC Press Release – January 2023,press_release,text_number,False,True,,110,2023-01,19119,data/raw/pdf/2023-01_36538.pdf,data/raw/txt/2023-01_36538.txt,https://www.bog.gov.gh/mpc_press_release/mpc-press-release-january-2023/,https://www.bog.gov.gh/wp-content/uploads/2023/01/MPC-Press-Release-January-2023-1.pdf
111,regular,2023-03-24,29.5,150,hike,37138,MPC Press Release – March 2023,press_release,text_number,False,True,,111,2023-03,18497,data/raw/pdf/2023-03_37138.pdf,data/raw/txt/2023-03_37138.txt,https://www.bog.gov.gh/mpc_press_release/mpc-press-release-march-2023/,https://www.bog.gov.gh/wp-content/uploads/2023/03/MPC-Press-Release-March-2023.pdf
112,regular,2023-05-19,29.5,0,hold,37617,MPC Press Release – May 2023,press_release,text_number,False,True,,112,2023-05,18964,data/raw/pdf/2023-05_37617.pdf,data/raw/txt/2023-05_37617.txt,https://www.bog.gov.gh/mpc_press_release/mpc-press-release-may-2023/,https://www.bog.gov.gh/wp-content/uploads/2023/05/MPC-Press-Release-May-2023.pdf
113,regular,2023-07-21,30.0,50,hike,38313,MPC Press Release – July 2023,press_release,text_number,False,True,,113,2023-07,20956,data/raw/pdf/2023-07_38313.pdf,data/raw/txt/2023-07_38313.txt,https://www.bog.gov.gh/mpc_press_release/mpc-press-release-july-2023/,https://www.bog.gov.gh/wp-content/uploads/2023/07/MPC-Press-Release-July-2023-240723.pdf
114,regular,2023-09-22,30.0,0,hold,39045,MPC Press Release – September 2023,press_release,text_number,False,True,,114,2023-09,17369,data/raw/pdf/2023-09_39045.pdf,data/raw/txt/2023-09_39045.txt,https://www.bog.gov.gh/mpc_press_release/mpc-press-release-september-2023/,https://www.bog.gov.gh/wp-content/uploads/2023/09/MPC-Press-Release-September-2023.pdf
115,regular,2023-11-24,30.0,0,hold,40339,MPC Press Release – November 2023,press_release,text_number,False,True,,115,2023-11,19609,data/raw/pdf/2023-11_40339.pdf,data/raw/txt/2023-11_40339.txt,https://www.bog.gov.gh/mpc_press_release/mpc-press-release-november-2023/,https://www.bog.gov.gh/wp-content/uploads/2023/11/MPC-Press-Release-November-2023.pdf
116,regular,2024-01-26,29.0,-100,cut,41136,MPC Press Release – January 2024,press_release,text_number,False,True,,116,2024-01,16608,data/raw/pdf/2024-01_41136.pdf,data/raw/txt/2024-01_41136.txt,https://www.bog.gov.gh/mpc_press_release/mpc-press-release-january-2024/,https://www.bog.gov.gh/wp-content/uploads/2024/01/MPC-Press-Release-January-2024.pdf
117,regular,2024-03-22,29.0,0,hold,41149,MPC Press Release – March 2024,press_release,text_number,False,True,,117,2024-03,20021,data/raw/pdf/2024-03_41149.pdf,data/raw/txt/2024-03_41149.txt,https://www.bog.gov.gh/mpc_press_release/mpc-press-release-march-2024/,https://www.bog.gov.gh/wp-content/uploads/2024/01/MPC-Press-Release-March-2024.pdf
118,regular,2024-05-24,29.0,0,hold,43039,MPC Press Release – May 2024,press_release,text_number,False,True,,118,2024-05,18597,data/raw/pdf/2024-05_43039.pdf,data/raw/txt/2024-05_43039.txt,https://www.bog.gov.gh/mpc_press_release/mpc-press-release-may-2024/,https://www.bog.gov.gh/wp-content/uploads/2024/05/MPC-Press-Release-May-2024.pdf
119,regular,2024-07-26,29.0,0,hold,43894,MPC Press Release – July 2024,press_release,text_number,False,True,,119,2024-07,14816,data/raw/pdf/2024-07_43894.pdf,data/raw/txt/2024-07_43894.txt,https://www.bog.gov.gh/mpc_press_release/mpc-press-release-july-2024/,https://www.bog.gov.gh/wp-content/uploads/2024/07/MPC-Press-Release-July-2024-1.pdf
120,regular,2024-09-27,27.0,-200,cut,44551,MPC Press Release – September 2024,press_release,text_number,False,True,,120,2024-09,13716,data/raw/pdf/2024-09_44551.pdf,data/raw/txt/2024-09_44551.txt,https://www.bog.gov.gh/mpc_press_release/mpc-press-release-september-2024/,https://www.bog.gov.gh/wp-content/uploads/2024/09/MPC-Press-Release-September-2024.pdf
121,regular,2024-11-29,27.0,0,hold,45213,MPC Press Release – November 2024,press_release,title,False,True,,,2024-11,13058,data/raw/pdf/2024-11_45213.pdf,data/raw/txt/2024-11_45213.txt,https://www.bog.gov.gh/mpc_press_release/mpc-press-release-november-2024/,https://www.bog.gov.gh/wp-content/uploads/2024/11/MPC-Press-Statement-November-2024-291124.pdf
122,regular,2025-01-24,27.0,0,hold,45870,MPC Press Release – January 2025,press_release,text_number,False,True,,122,2025-01,14257,data/raw/pdf/2025-01_45870.pdf,data/raw/txt/2025-01_45870.txt,https://www.bog.gov.gh/mpc_press_release/mpc-press-release-january-2025/,https://www.bog.gov.gh/wp-content/uploads/2025/01/MPC-Press-Statement-January-2025.pdf
123,regular,2025-03-26,28.0,100,hike,46794,MPC Press Release – March 2025,press_release,letterhead_date,False,True,2025-03-28,123,2025-03,12808,data/raw/pdf/2025-03_46794.pdf,data/raw/txt/2025-03_46794.txt,https://www.bog.gov.gh/mpc_press_release/mpc-press-release-march-2025/,https://www.bog.gov.gh/wp-content/uploads/2025/03/MPC-Press-Statement-March-2025-1.pdf
124,regular,2025-05-23,28.0,0,hold,47535,MPC Press Release – May 2025,press_release,letterhead_date,False,True,2025-05-23,124,2025-05,5985,data/raw/pdf/2025-05_47535.pdf,data/raw/txt/2025-05_47535.txt,https://www.bog.gov.gh/mpc_press_release/mpc-press-release-may-2025/,https://www.bog.gov.gh/wp-content/uploads/2025/05/MPC-Press-Release-May-2025-1.pdf
125,regular,2025-07-30,25.0,-300,cut,48644,MPC Press Release – July 2025,press_release,letterhead_date,False,True,2025-07-30,125,2025-07,6859,data/raw/pdf/2025-07_48644.pdf,data/raw/txt/2025-07_48644.txt,https://www.bog.gov.gh/mpc_press_release/mpc-press-release-july-2025/,https://www.bog.gov.gh/wp-content/uploads/2025/07/MPC-Press-Release-July-2025.pdf
126,regular,2025-09-17,21.5,-350,cut,49573,MPC Press Release – September 2025,press_release,text_number,False,True,,126,2025-09,8101,data/raw/pdf/2025-09_49573.pdf,data/raw/txt/2025-09_49573.txt,https://www.bog.gov.gh/mpc_press_release/mpc-press-release-september-2025/,https://www.bog.gov.gh/wp-content/uploads/2025/09/MPC-Press-Release-September-2025-.pdf
127,regular,2025-11-26,18.0,-350,cut,50640,MPC Press Release – November 2025,press_release,text_number,False,True,,127,2025-11,8014,data/raw/pdf/2025-11_50640.pdf,data/raw/txt/2025-11_50640.txt,https://www.bog.gov.gh/mpc_press_release/mpc-press-release-november-2025/,https://www.bog.gov.gh/wp-content/uploads/2025/11/MPC-Press-Release-November-2025.pdf
128,regular,2026-01-28,15.5,-250,cut,51631,MPC Press Release – January 2026,press_release,text_number,False,True,,128,2026-01,8130,data/raw/pdf/2026-01_51631.pdf,data/raw/txt/2026-01_51631.txt,https://www.bog.gov.gh/mpc_press_release/mpc-press-release-january-2026/,https://www.bog.gov.gh/wp-content/uploads/2026/01/MPC-Press-Release-January-2026-.pdf
129,regular,2026-03-18,14.0,-150,cut,52472,MPC Press Release – March 2026,press_release,text_number,False,True,,129,2026-03,7337,data/raw/pdf/2026-03_52472.pdf,data/raw/txt/2026-03_52472.txt,https://www.bog.gov.gh/mpc_press_release/mpc-press-release-march-2026/,https://www.bog.gov.gh/wp-content/uploads/2026/03/MPC-Press-Release-March-2026-1-2.pdf
130,regular,2026-05-20,14.0,0,hold,54283,MPC Press Release – May 2026,press_release,text_number,False,True,,130,2026-05,9199,data/raw/pdf/2026-05_54283.pdf,data/raw/txt/2026-05_54283.txt,https://www.bog.gov.gh/mpc_press_release/mpc-press-release-may-2026/,https://www.bog.gov.gh/wp-content/uploads/2026/05/MPC-Press-Release-May-2026-.pdf
131,regular,2026-07-22,14.0,0,hold,55265,MPC Press Release – July 2026,press_release,text_number,False,True,,131,2026-07,9740,data/raw/pdf/2026-07_55265.pdf,data/raw/txt/2026-07_55265.txt,https://www.bog.gov.gh/mpc_press_release/mpc-press-release-july-2026/,https://www.bog.gov.gh/wp-content/uploads/2026/07/MPC-Press-Release-July-2026-1.pdf
132,regular,2026-09-24,14.0,0,hold,56326,MPC Press Release – September 2026,press_release,text_number,False,True,,132,2026-09,9647,data/raw/pdf/2026-09_56326.pdf,data/raw/txt/2026-09_56326.txt,https://www.bog.gov.gh/mpc_press_release/mpc-press-release-september-2026/,https://www.bog.gov.gh/wp-content/uploads/2026/09/MPC-Press-Release-September-2026.pdf
,emergency,,,,,48471,"Emergency MPC Press Release – July 18, 2025",emergency,no_rate_row,False,,2025-07-18,125,,2451,data/raw/pdf/unknown_48471.pdf,data/raw/txt/unknown_48471.txt,https://www.bog.gov.gh/mpc_press_release/emergency-mpc-press-release-july-18-2025/,https://www.bog.gov.gh/wp-content/uploads/2025/07/Emergency-MPC-Press-Release-July-18-2025-.pdf
