doc_id,title,doc_type,pdf_file,page_url,pdf_url,meeting_type,role,duplicate_of,text_identical,meeting_no,match_method,conflict,title_ok,by_date,by_number,by_title,letterhead_date,text_number,title_ym,n_chars,text_hash,txt_file,opening
17209,MPC Press Release – Jan. 2018,press_release,data/raw/pdf/unknown_17209.pdf,https://www.bog.gov.gh/mpc_press_release/mpc-press-release-jan-2018/,https://www.bog.gov.gh/wp-content/uploads/2019/08/MPC_Press_Release_January_2018.pdf,regular,primary,,,80,letterhead_date,False,True,80,80,80,2018-01-22,80,2018-01,12157,03396b145695,data/raw/txt/unknown_17209.txt,"Bank of Ghana Monetary Policy Committee Press Release January 22, 2018 1. Ladies and Gentlemen, welcome to the press bri"
26160,Impact of COVID-19 on Real Sector Indicators,support_data,data/raw/pdf/unknown_26160.pdf,https://www.bog.gov.gh/mpc_press_release/impact-of-covid-19-on-real-sector-indicators/,https://www.bog.gov.gh/wp-content/uploads/2020/09/Real-Sector-Charts-1.pdf,,not_a_statement,,,,,,,,,,,,,,,,
29177,Notice of 101st Monetary Policy Committee Meetings,notice,data/raw/pdf/unknown_29177.pdf,https://www.bog.gov.gh/mpc_press_release/notice-of-101st-monetary-policy-committee-meetings/,https://www.bog.gov.gh/wp-content/uploads/2021/07/Notice-of-101st-MPC-Meetings.pdf,,not_a_statement,,,,,,,,,,,,,,,,
30075,Notice of 102nd Monetary Policy Committee Meetings,notice,data/raw/pdf/unknown_30075.pdf,https://www.bog.gov.gh/mpc_press_release/notice-of-102nd-monetary-policy-committee-meetings/,https://www.bog.gov.gh/wp-content/uploads/2021/09/Notice-of-102nd-MPC-Meetings-1.pdf,,not_a_statement,,,,,,,,,,,,,,,,
30777,Notice of 103rd Monetary Policy Committee Meetings,notice,data/raw/pdf/unknown_30777.pdf,https://www.bog.gov.gh/mpc_press_release/notice-of-103rd-monetary-policy-committee-meetings/,https://www.bog.gov.gh/wp-content/uploads/2021/11/Notice-of-103rd-MPC-Meetings.pdf,,not_a_statement,,,,,,,,,,,,,,,,
32533,Highlights:105th MPC Meeting Press Release,highlights,data/raw/pdf/unknown_32533.pdf,https://www.bog.gov.gh/mpc_press_release/highlights105th-mpc-meeting-press-release/,https://www.bog.gov.gh/wp-content/uploads/2022/03/105TH-MPC-MEETING.pdf,regular,summary_of_primary,32459,False,105,text_number,False,,,105,,,105,,9341,9f33967a5612,data/raw/txt/unknown_32533.txt,HIGHLIGHTS PRESS RELEASE 105TH MPC MEETING MARCH 2022 www.bog.gov.gh 1| GLOBAL GROWTH FACES DOWNSIDE RISKS C The Russia-
32879,"Transcript of MPC Press Briefing Held on March 21, 2022",transcript,data/raw/pdf/unknown_32879.pdf,https://www.bog.gov.gh/mpc_press_release/transcript-of-mpc-press-release-briefing-held-on-march-21-2022/,https://www.bog.gov.gh/wp-content/uploads/2022/04/Transcript-of-105th-MPC-Press-Briefing-March-2022.pdf,,not_a_statement,,,,,,,,,,,,,,,,
33520,Highlights:106th MPC Meeting Press Release,highlights,data/raw/pdf/unknown_33520.pdf,https://www.bog.gov.gh/mpc_press_release/highlights106th-mpc-meeting-press-release/,https://www.bog.gov.gh/wp-content/uploads/2022/05/106TH-MPC-MEETING-HIGHLIGHTS-PRESS-RELEASE-27-05-2022.pdf,regular,summary_of_primary,33453,False,106,text_number,False,,,106,,,106,,9268,08c663147071,data/raw/txt/unknown_33520.txt,HIGHLIGHTS PRESS RELEASE 106TH MPC MEETING MAY 2022 www.bog.gov.gh @thebankofghana @thebankofghana 1| GLOBAL UNCERTAINTI
34606,"Transcript of MPC Press Briefing Held on July 25, 2022",transcript,data/raw/pdf/unknown_34606.pdf,https://www.bog.gov.gh/mpc_press_release/transcript-of-mpc-press-release-briefing-held-on-july-25-2022/,https://www.bog.gov.gh/wp-content/uploads/2022/08/107th-Transcript-of-MPC-Press-Briefing-July-2022-09-08-2022.pdf,,not_a_statement,,,,,,,,,,,,,,,,
47882,Transcript – 124th MPC Press Briefing 180625,transcript,data/raw/pdf/unknown_47882.pdf,https://www.bog.gov.gh/mpc_press_release/transcript-124th-mpc-press-briefing-180625/,https://www.bog.gov.gh/wp-content/uploads/2025/06/Transcript-124th-MPC-Press-Briefing-180625.pdf,,not_a_statement,,,,,,,,,,,,,,,,
48471,"Emergency MPC Press Release – July 18, 2025",emergency,data/raw/pdf/unknown_48471.pdf,https://www.bog.gov.gh/mpc_press_release/emergency-mpc-press-release-july-18-2025/,https://www.bog.gov.gh/wp-content/uploads/2025/07/Emergency-MPC-Press-Release-July-18-2025-.pdf,emergency,primary_no_rate_row,,,,no_rate_row,False,,,,,2025-07-18,125,,2451,32c1a7bde03b,data/raw/txt/unknown_48471.txt,"PUBLIC BANK OF GHANA MONETARY POLICY COMMITTEE PRESS RELEASE July 18, 2025 The Monetary Policy Committee (MPC) of the Ba"
22407,MPC Press Release – January 2003,press_release,data/raw/pdf/2003-01_22407.pdf,https://www.bog.gov.gh/mpc_press_release/mpc-press-release-january-2003/,https://www.bog.gov.gh/wp-content/uploads/2020/05/2003-MPC-Press-Release-January-1.pdf,regular,primary,,,2,letterhead_date,True,True,2,7,2,2003-01-24,7,2003-01,5885,bac47d4330dd,data/raw/txt/2003-01_22407.txt,"BANK OF GHANA K O F G H Press Release N A A N B A Monetary Policy Committee January 24, 2003 E 7 ST .195 The Monetary Po"
22330,MPC Press Release – March 2003,press_release,data/raw/pdf/2003-03_22330.pdf,https://www.bog.gov.gh/mpc_press_release/mpc-press-release-march-2003/,https://www.bog.gov.gh/wp-content/uploads/2020/05/2003-MPC-Press-Release-January.pdf,regular,duplicate,22407,True,2,letterhead_date,True,False,2,7,3,2003-01-24,7,2003-03,5885,bac47d4330dd,data/raw/txt/2003-03_22330.txt,"BANK OF GHANA K O F G H Press Release N A A N B A Monetary Policy Committee January 24, 2003 E 7 ST .195 The Monetary Po"
22410,MPC Press Release – May 2003,press_release,data/raw/pdf/2003-05_22410.pdf,https://www.bog.gov.gh/mpc_press_release/mpc-press-release-may-2003/,https://www.bog.gov.gh/wp-content/uploads/2020/05/2003-MPC-Press-Release-May.pdf,regular,primary,,,4,letterhead_date,False,True,4,,4,2003-05-23,,2003-05,6191,deeb4ff40740,data/raw/txt/2003-05_22410.txt,"BANK OF GHANA K O F G H Press Release N A A N B A Monetary Policy Committee May 23, 2003 E ST .1957 The Monetary Policy "
22413,MPC Press Release – October 2003,press_release,data/raw/pdf/2003-10_22413.pdf,https://www.bog.gov.gh/mpc_press_release/mpc-press-release-october-2003/,https://www.bog.gov.gh/wp-content/uploads/2020/05/2003-MPC-PRESS-RELEASE-October.pdf,regular,primary,,,6,letterhead_date,False,True,6,,6,2003-10-10,,2003-10,6626,d136acf3a796,data/raw/txt/2003-10_22413.txt,"BANK OF GHANA K O F G H Press Release N A A N B A Monetary Policy Committee October 10, 2003 E ST .1957 1. Available inf"
22404,MPC Press Release – December 2003,press_release,data/raw/pdf/2003-12_22404.pdf,https://www.bog.gov.gh/mpc_press_release/mpc-press-release-december-2003/,https://www.bog.gov.gh/wp-content/uploads/2020/05/2003-MPC-Press-Release-Decmber.pdf,regular,primary,,,7,letterhead_date,False,True,7,,7,2003-12-12,,2003-12,7819,efe6e6bc843a,data/raw/txt/2003-12_22404.txt,"BANK OF GHANA K O F G H Press Release N A A N B A Monetary Policy Committee December 12, 2003 E ST .1957 1. Since the la"
22419,MPC Press Release – February 2004,press_release,data/raw/pdf/2004-02_22419.pdf,https://www.bog.gov.gh/mpc_press_release/mpc-press-release-february-2004/,https://www.bog.gov.gh/wp-content/uploads/2020/05/2004-MPC-Press-Release-February.pdf,regular,primary,,,8,letterhead_date,False,True,8,,8,2004-02-20,,2004-02,7308,c53ec4f368f5,data/raw/txt/2004-02_22419.txt,"BANK OF GHANA Press Release K O F G H N A A N B A Monetary Policy Committee February 20, 2004 E ST.1957 1. Developments "
22422,MPC Press Release – May 2004,press_release,data/raw/pdf/2004-05_22422.pdf,https://www.bog.gov.gh/mpc_press_release/mpc-press-release-may-2004/,https://www.bog.gov.gh/wp-content/uploads/2020/05/2004-MPC-Press-Release-May.pdf,regular,primary,,,9,letterhead_date,False,True,9,,9,2004-05-21,,2004-05,8109,8a1bd4c88186,data/raw/txt/2004-05_22422.txt,"BANK OF GHANA K O F G H Press Release N A A N B A Monetary Policy Committee May 21, 2004 E ST .1957 1. Since the inflati"
22425,MPC Press Release – November 2004,press_release,data/raw/pdf/2004-11_22425.pdf,https://www.bog.gov.gh/mpc_press_release/mpc-press-release-november-2004/,https://www.bog.gov.gh/wp-content/uploads/2020/05/2004-MPC-Press-Release-November.pdf,regular,primary,,,11,letterhead_date,False,True,11,,11,2004-11-12,,2004-11,11558,16bd3b9b8169,data/raw/txt/2004-11_22425.txt,"BANK OF GHANA K O F G H Press Release N A A N B A Monetary Policy Committee November 12, 2004 E ST .1957 1. A review of "
22428,MPC Press Release – January 2005,press_release,data/raw/pdf/2005-01_22428.pdf,https://www.bog.gov.gh/mpc_press_release/mpc-press-release-january-2004/,https://www.bog.gov.gh/wp-content/uploads/2020/05/2005-MPC-PRESS-RELEASE-January.pdf,regular,primary,,,12,letterhead_date,False,True,12,,12,2005-01-24,,2005-01,12155,54de39200acc,data/raw/txt/2005-01_22428.txt,"BANK OF GHANA K O F G H Press Release N A A N B A Monetary Policy Committee January 24, 2005 E ST .1957 1. During the la"
22435,MPC Press Release – March 2005,press_release,data/raw/pdf/2005-03_22435.pdf,https://www.bog.gov.gh/mpc_press_release/mpc-press-release-march-2005/,https://www.bog.gov.gh/wp-content/uploads/2020/05/2005-MPC-PRESS-RELEASE-March.pdf,regular,primary,,,13,letterhead_date,False,True,13,,13,2005-03-29,,2005-03,11655,c39641cbd6f3,data/raw/txt/2005-03_22435.txt,"BANK OF GHANA K O F G H Press Release N A A N B A Monetary Policy Committee March 29, 2005 E ST .1957 1. Ladies and Gent"
22440,MPC Press Release – May 2005,press_release,data/raw/pdf/2005-05_22440.pdf,https://www.bog.gov.gh/mpc_press_release/mpc-press-release-may-2005/,https://www.bog.gov.gh/wp-content/uploads/2020/05/2005-MPC-PRESS-RELEASE-May.pdf,regular,primary,,,14,letterhead_date,False,True,14,,14,2005-05-30,,2005-05,11943,b3f3d6d385ad,data/raw/txt/2005-05_22440.txt,"BANK OF GHANA K O F G H Press Release N A A N B A Monetary Policy Committee May 30, 2005 E ST .1957 1. Ladies and Gentle"
22432,MPC Press Release – July 2005,press_release,data/raw/pdf/2005-07_22432.pdf,https://www.bog.gov.gh/mpc_press_release/mpc-press-release-july-2005/,https://www.bog.gov.gh/wp-content/uploads/2020/05/2005-MPC-PRESS-RELEASE-July.pdf,regular,primary,,,15,letterhead_date,False,True,15,,15,2005-07-25,,2005-07,12092,e40e1cc50397,data/raw/txt/2005-07_22432.txt,"BANK OF GHANA K O F G H Press Release N A A N B A Monetary Policy Committee July 25, 2005 E ST .1957 1. Ladies and Gentl"
22447,MPC Press Release – September 2005,press_release,data/raw/pdf/2005-09_22447.pdf,https://www.bog.gov.gh/mpc_press_release/mpc-press-release-september-2005/,https://www.bog.gov.gh/wp-content/uploads/2020/05/2005-MPC-PRESS-RELEASE-September.pdf,regular,primary,,,16,letterhead_date,False,True,16,,16,2005-09-12,,2005-09,12464,305d1b704d3a,data/raw/txt/2005-09_22447.txt,"BANK OF GHANA K O F G H Press Release N A A N B A Monetary Policy Committee September 12, 2005 E ST .1957 1. Macroeconom"
22443,MPC Press Release – November 2005,press_release,data/raw/pdf/2005-11_22443.pdf,https://www.bog.gov.gh/mpc_press_release/mpc-press-release-november-2005/,https://www.bog.gov.gh/wp-content/uploads/2020/05/2005-MPC-PRESS-RELEASE-November-1.pdf,regular,primary,,,17,letterhead_date,False,True,17,,17,2005-11-28,,2005-11,11613,a93c73ea694e,data/raw/txt/2005-11_22443.txt,"BANK OF GHANA K O F G H Press Release N A A N B A Monetary Policy Committee November 28, 2005 E ST.1957 1. Developments "
22453,MPC Press Release – January 2006,press_release,data/raw/pdf/2006-01_22453.pdf,https://www.bog.gov.gh/mpc_press_release/mpc-press-release-january-2006/,https://www.bog.gov.gh/wp-content/uploads/2020/05/2006-MPC-PRESS-RELEASE-January.pdf,regular,primary,,,18,letterhead_date,False,True,18,,18,2006-01-30,,2006-01,13843,2c570c827997,data/raw/txt/2006-01_22453.txt,"BANK OF GHANA K O F G H Press Release N A A N B A Monetary Policy Committee January 30, 2006 E ST.1957 1. Ladies and Gen"
22459,MPC Press Release – May 2006,press_release,data/raw/pdf/2006-05_22459.pdf,https://www.bog.gov.gh/mpc_press_release/mpc-press-release-may-2006/,https://www.bog.gov.gh/wp-content/uploads/2020/05/2006-MPC-PRESS-RELEASE-May.pdf,regular,primary,,,20,letterhead_date,False,True,20,,20,2006-05-22,,2006-05,14407,e07885cd291a,data/raw/txt/2006-05_22459.txt,"BANK OF GHANA K O F G H Press Release N A A N B A Monetary Policy Committee May 22, 2006 E ST.1957 1. Distinguished memb"
22456,MPC Press Release – July 2006,press_release,data/raw/pdf/2006-07_22456.pdf,https://www.bog.gov.gh/mpc_press_release/mpc-press-release-july-2006/,https://www.bog.gov.gh/wp-content/uploads/2020/05/2006-MPC-PRESS-RELEASE-July.pdf,regular,primary,,,21,letterhead_date,False,True,21,,21,2006-07-31,,2006-07,16063,fc92db80cac5,data/raw/txt/2006-07_22456.txt,"BANK OF GHANA K O F G H Press Release N A A N B A Monetary Policy Committee July 31, 2006 E ST.1957 1. Distinguished mem"
22462,MPC Press Release – October 2006,press_release,data/raw/pdf/2006-10_22462.pdf,https://www.bog.gov.gh/mpc_press_release/mpc-press-release-october-2006/,https://www.bog.gov.gh/wp-content/uploads/2020/05/2006-MPC-PRESS-RELEASE-October.pdf,regular,primary,,,22,letterhead_date,False,True,22,,22,2006-10-16,,2006-10,13816,650d94616587,data/raw/txt/2006-10_22462.txt,"BANK OF GHANA K O F G H Press Release N A A N B A Monetary Policy Committee October 16, 2006 E ST.1957 1. Members of the"
22450,MPC Press Release – December 2006,press_release,data/raw/pdf/2006-12_22450.pdf,https://www.bog.gov.gh/mpc_press_release/mpc-press-release-december-2006/,https://www.bog.gov.gh/wp-content/uploads/2020/05/2006-MPC-PRESS-RELEASE-December.pdf,regular,primary,,,23,letterhead_date,False,True,23,,23,2006-12-18,,2006-12,13162,c0ed975f836a,data/raw/txt/2006-12_22450.txt,"K OFGH BANK OF GHANA A N A N Press Release B A Monetary Policy Committee E ST. 1957 December 18, 2006 1. Welcome, member"
22471,MPC Press Release – March 2007,press_release,data/raw/pdf/2007-03_22471.pdf,https://www.bog.gov.gh/mpc_press_release/mpc-press-release-march-2007/,https://www.bog.gov.gh/wp-content/uploads/2020/05/2007-MPC-PRESS-RELEASE-March.pdf,regular,primary,,,24,letterhead_date,False,True,24,,24,2007-03-19,,2007-03,14433,18f181a0255b,data/raw/txt/2007-03_22471.txt,"BANK OF GHANA K O F G H Press Release N A A N B A Monetary Policy Committee March 19, 2007 E ST.1957 1. It is a privileg"
22477,MPC Press Release – May 2007,press_release,data/raw/pdf/2007-05_22477.pdf,https://www.bog.gov.gh/mpc_press_release/mpc-press-release-may-2007/,https://www.bog.gov.gh/wp-content/uploads/2020/05/2007-MPC-PRESS-RELEASE-May.pdf,regular,primary,,,25,letterhead_date,False,True,25,,25,2007-05-21,,2007-05,13398,a2e0908fa357,data/raw/txt/2007-05_22477.txt,"BANK OF GHANA K O F G H Press Release N A A N B A Monetary Policy Committee May 21, 2007 E ST.1957 1. Ladies and Gentlem"
22468,MPC Press Release – July 2007,press_release,data/raw/pdf/2007-07_22468.pdf,https://www.bog.gov.gh/mpc_press_release/mpc-press-release-july-2007/,https://www.bog.gov.gh/wp-content/uploads/2020/05/2007-MPC-PRESS-RELEASE-July.pdf,regular,primary,,,35,letterhead_date,False,False,35,,,2009-07-21,,2007-07,20618,daa4d163a023,data/raw/txt/2007-07_22468.txt,"BANK OF GHANA K O F G H Press Release N A A N B A Monetary Policy Committee July 21, 2009 E ST.1957 1. Let me once again"
22465,MPC Press Release – August 2007,press_release,data/raw/pdf/2007-08_22465.pdf,https://www.bog.gov.gh/mpc_press_release/mpc-press-release-august-2007/,https://www.bog.gov.gh/wp-content/uploads/2020/05/2007-MPC-PRESS-RELEASE-August.pdf,regular,primary,,,26,letterhead_date,False,True,26,,26,2007-08-27,,2007-08,14408,86c0935e4350,data/raw/txt/2007-08_22465.txt,"BANK OF GHANA K O F G H Press Release N A A N B A Monetary Policy Committee August 27, 2007 E ST.1957 1. Ladies and Gent"
22474,MPC Press Release – November 2007,press_release,data/raw/pdf/2007-11_22474.pdf,https://www.bog.gov.gh/mpc_press_release/mpc-press-release-november-2007/,https://www.bog.gov.gh/wp-content/uploads/2020/05/2007-MPC-PRESS-RELEASE-November.pdf,regular,primary,,,27,letterhead_date,False,False,27,,,2007-11-06,,2007-11,15952,a47707066e9f,data/raw/txt/2007-11_22474.txt,"BANK OF GHANA K O F G H Press Release N A A N B A Monetary Policy Committee November 6, 2007 E ST.1957 1. Ladies and Gen"
22481,MPC Press Release – January 2008,press_release,data/raw/pdf/2008-01_22481.pdf,https://www.bog.gov.gh/mpc_press_release/mpc-press-release-january-2008/,https://www.bog.gov.gh/wp-content/uploads/2020/05/2008-MPC-PRESS-RELEASE-January.pdf,regular,primary,,,28,letterhead_date,False,True,28,,28,2008-01-28,,2008-01,16518,3f47ed443bf4,data/raw/txt/2008-01_22481.txt,"BANK OF GHANA K O F G H Press Release N A A N B A Monetary Policy Committee January 28, 2008 E ST.1957 1. Good Morning L"
22487,MPC Press Release – March 2008,press_release,data/raw/pdf/2008-03_22487.pdf,https://www.bog.gov.gh/mpc_press_release/mpc-press-release-march-2008/,https://www.bog.gov.gh/wp-content/uploads/2020/05/2008-MPC-PRESS-RELEASE-March.pdf,regular,primary,,,29,letterhead_date,False,True,29,,29,2008-03-17,,2008-03,14761,340457920ef4,data/raw/txt/2008-03_22487.txt,"BANK OF GHANA K O F G H Press Release N A A N B A Monetary Policy Committee March 17, 2008 E ST.1957 1. Ladies and Gentl"
22490,MPC Press Release – May 2008,press_release,data/raw/pdf/2008-05_22490.pdf,https://www.bog.gov.gh/mpc_press_release/mpc-press-release-may-2008/,https://www.bog.gov.gh/wp-content/uploads/2020/05/2008-MPC-PRESS-RELEASE-May.pdf,regular,primary,,,30,letterhead_date,False,True,30,,30,2008-05-19,,2008-05,18120,a63181c6f0ef,data/raw/txt/2008-05_22490.txt,"BANK OF GHANA K O F G H Press Release N A A N B A Monetary Policy Committee May 19, 2008 E ST. 1957 1. Good Morning Ladi"
22484,MPC Press Release – July 2008,press_release,data/raw/pdf/2008-07_22484.pdf,https://www.bog.gov.gh/mpc_press_release/mpc-press-release-july-2008/,https://www.bog.gov.gh/wp-content/uploads/2020/05/2008-MPC-PRESS-RELEASE-July.pdf,regular,primary,,,31,letterhead_date,False,True,31,,31,2008-07-21,,2008-07,16611,961e1ab1ef2c,data/raw/txt/2008-07_22484.txt,"BANK OF GHANA K O F G H Press Release N A A N B A Monetary Policy Committee July 21, 2008 E ST. 1957 1. Good Morning Lad"
22493,MPC Press Release – October 2008,press_release,data/raw/pdf/2008-10_22493.pdf,https://www.bog.gov.gh/mpc_press_release/mpc-press-release-october-2008/,https://www.bog.gov.gh/wp-content/uploads/2020/05/2008-MPC-PRESS-RELEASE-October.pdf,regular,primary,,,32,letterhead_date,False,True,32,,32,2008-10-28,,2008-10,21268,6487236357cb,data/raw/txt/2008-10_22493.txt,"K OFGH BANK OF GHANA N A Press Release A N B A Monetary Policy Committee October 28, 2008 E ST .1957 1. You are most wel"
22496,MPC Press Release – February 2009,press_release,data/raw/pdf/2009-02_22496.pdf,https://www.bog.gov.gh/mpc_press_release/mpc-press-release-february-2009/,https://www.bog.gov.gh/wp-content/uploads/2020/05/2009-MPC-PRESS-RELEASE-February.pdf,regular,primary,,,33,letterhead_date,False,True,33,,33,2009-02-24,,2009-02,21805,0948c9627402,data/raw/txt/2009-02_22496.txt,"K OFGH BANK OF GHANA N A Press Release A N B A Monetary Policy Committee February 24, 2009 E ST .1957 1. Ladies and Gent"
22499,MPC Press Release – May 2009,press_release,data/raw/pdf/2009-05_22499.pdf,https://www.bog.gov.gh/mpc_press_release/mpc-press-release-may-2009/,https://www.bog.gov.gh/wp-content/uploads/2020/05/2009-MPC-PRESS-RELEASE-May.pdf,regular,primary,,,34,letterhead_date,False,True,34,,34,2009-05-12,,2009-05,18668,0445faf021a7,data/raw/txt/2009-05_22499.txt,"BANK OF GHANA K O F G H Press Release N A A N B A Monetary Policy Committee May 12, 2009 E ST.1957 1. Ladies and Gentlem"
22502,MPC Press Release – September 2009,press_release,data/raw/pdf/2009-09_22502.pdf,https://www.bog.gov.gh/mpc_press_release/mpc-press-release-september-2009/,https://www.bog.gov.gh/wp-content/uploads/2020/05/2009-MPC-PRESS-RELEASE-September.pdf,regular,primary,,,36,letterhead_date,False,True,36,,36,2009-09-23,,2009-09,16932,ecc5167e1308,data/raw/txt/2009-09_22502.txt,"BANK OF GHANA K O F G H Press Release N A A N B A Monetary Policy Committee September 23, 2009 E ST.1957 1. Ladies and G"
22618,MPC Press Release – September 2009,press_release,data/raw/pdf/2009-09_22618.pdf,https://www.bog.gov.gh/mpc_press_release/mpc-press-release-september-2009-2/,https://www.bog.gov.gh/wp-content/uploads/2020/05/MPC-PRESS-RELEASE-SEPTEMBER-2009.pdf,regular,duplicate,22502,True,36,letterhead_date,False,True,36,,36,2009-09-23,,2009-09,16932,ecc5167e1308,data/raw/txt/2009-09_22618.txt,"BANK OF GHANA K O F G H Press Release N A A N B A Monetary Policy Committee September 23, 2009 E ST.1957 1. Ladies and G"
22505,MPC Press Release – November 2009,press_release,data/raw/pdf/2009-11_22505.pdf,https://www.bog.gov.gh/mpc_press_release/mpc-press-release-november-2009/,https://www.bog.gov.gh/wp-content/uploads/2020/05/2009-MPC-PRESS-RELEASE-Full-Text-November.pdf,regular,primary,,,37,title,False,True,,,37,,,2009-11,18327,bf0f29a8e74f,data/raw/txt/2009-11_22505.txt,N KOFGH A A N B A Bank of Ghana Monetary Policy Committee EST.1957 Press Release Full Text for the Press November 20 200
22634,MPC Press Release – November 2009,press_release,data/raw/pdf/2009-11_22634.pdf,https://www.bog.gov.gh/mpc_press_release/mpc-press-release-november-2009-2/,https://www.bog.gov.gh/wp-content/uploads/2020/05/MPC-PRESS-RELEASE-Full-Text-November-20-2009.pdf,regular,duplicate,22505,True,37,title,False,True,,,37,,,2009-11,18327,bf0f29a8e74f,data/raw/txt/2009-11_22634.txt,N KOFGH A A N B A Bank of Ghana Monetary Policy Committee EST.1957 Press Release Full Text for the Press November 20 200
22509,MPC Press Release – February 2010,press_release,data/raw/pdf/2010-02_22509.pdf,https://www.bog.gov.gh/mpc_press_release/mpc-press-release-february-2010/,https://www.bog.gov.gh/wp-content/uploads/2020/05/2010-MPC-PRESS-RELEASE-February.pdf,regular,primary,,,38,letterhead_date,False,True,38,,38,2010-02-19,,2010-02,10560,b1387d81db5a,data/raw/txt/2010-02_22509.txt,N KOFGH A A N B A Bank of Ghana Monetary Policy Committee EST.1957 Press Release February 19 2010 [1] Ladies and Gentlem
22538,MPC Press Release – February 2010,press_release,data/raw/pdf/2010-02_22538.pdf,https://www.bog.gov.gh/mpc_press_release/mpc-press-release-february-2010-2/,https://www.bog.gov.gh/wp-content/uploads/2020/05/MPC-PRESS-RELEASE-February-19-2010.pdf,regular,duplicate,22509,True,38,letterhead_date,False,True,38,,38,2010-02-19,,2010-02,10560,b1387d81db5a,data/raw/txt/2010-02_22538.txt,N KOFGH A A N B A Bank of Ghana Monetary Policy Committee EST.1957 Press Release February 19 2010 [1] Ladies and Gentlem
22643,MPC Press Release  -April 2010,press_release,data/raw/pdf/2010-04_22643.pdf,https://www.bog.gov.gh/mpc_press_release/mpc-press-release-april-2010/,https://www.bog.gov.gh/wp-content/uploads/2020/05/MPC-PRESS-RELEASE-April-2010-final.pdf,regular,primary,,,39,letterhead_date,False,True,39,,39,2010-04-16,,2010-04,16686,d4b8f784caee,data/raw/txt/2010-04_22643.txt,KOFGH N A A N B A Bank of Ghana Monetary Policy Committee E ST.1957 Press Release April 16 2010 [1] Ladies and Gentlemen
22515,MPC Press Release – July 2010,press_release,data/raw/pdf/2010-07_22515.pdf,https://www.bog.gov.gh/mpc_press_release/mpc-press-release-july-2010/,https://www.bog.gov.gh/wp-content/uploads/2020/05/MPC-Press-Release-July-2010-The-Final-Document_2.pdf,regular,primary,,,40,letterhead_date,False,True,40,40,40,2010-07-16,40,2010-07,16291,8970b704c0a2,data/raw/txt/2010-07_22515.txt,N KOFGH A A N B A Bank of Ghana Monetary Policy Committee E ST.1957 Press Release July 16 2010 [1] Ladies and Gentlemen 
22521,MPC Press Release – September 2010,press_release,data/raw/pdf/2010-09_22521.pdf,https://www.bog.gov.gh/mpc_press_release/mpc-press-release-september-2010/,https://www.bog.gov.gh/wp-content/uploads/2020/05/MPC-Press-Release-Sept-2010.pdf,regular,primary,,,41,text_number,False,True,,41,41,,41,2010-09,11288,c44c78be70e7,data/raw/txt/2010-09_22521.txt,"1. Ladies and Gentlemen of the Media, welcome to the press briefing of the 41st meeting of the Monetary Policy Committee"
22512,MPC Press Release – February 2011,press_release,data/raw/pdf/2011-02_22512.pdf,https://www.bog.gov.gh/mpc_press_release/mpc-press-release-february-2011/,https://www.bog.gov.gh/wp-content/uploads/2020/05/MPC-Press-Release-February-2011.pdf,regular,primary,,,43,text_number,False,True,,43,43,,43,2011-02,13127,04e6e32d77b1,data/raw/txt/2011-02_22512.txt,B A N K O F G H A N A Bank of Ghana E S T. 1 9 5 7 Monetary Policy Committee Press Release 18 February 2011 1. Ladies an
22518,MPC Press Release – May 2011,press_release,data/raw/pdf/2011-05_22518.pdf,https://www.bog.gov.gh/mpc_press_release/mpc-press-release-may-2011/,https://www.bog.gov.gh/wp-content/uploads/2020/05/mpc-press-release-may-2011.pdf,regular,primary,,,44,text_number,False,True,,44,44,,44,2011-05,13874,c0c039f94a8a,data/raw/txt/2011-05_22518.txt,"B A N K O F G H A N Bank of Ghana A Monetary Policy Committee E S T. 1 9 5 7 Press Statement May 13, 2011 1. Ladies and "
22524,MPC Press Release – December 2011,press_release,data/raw/pdf/2011-12_22524.pdf,https://www.bog.gov.gh/mpc_press_release/mpc-press-release-december-2011/,https://www.bog.gov.gh/wp-content/uploads/2020/05/mpc-press-release-21-dec-2011.pdf,regular,primary,,,48,letterhead_date,False,True,48,48,48,2011-12-21,48,2011-12,12431,e65e1a67edc9,data/raw/txt/2011-12_22524.txt,"NKOFGHA B A N A Bank of Ghana Monetary Policy Committee EST.1957 Press Release December 21, 2011 1. The 48th meeting of "
22571,MPC Press Release – June 2012,press_release,data/raw/pdf/2012-06_22571.pdf,https://www.bog.gov.gh/mpc_press_release/22571/,https://www.bog.gov.gh/wp-content/uploads/2020/05/mpc-press-release-june-2012.pdf,regular,primary,,,51,letterhead_date,False,True,51,51,51,2012-06-13,51,2012-06,14751,1a1a7726af02,data/raw/txt/2012-06_22571.txt,"B A NK OF GH A N Bank of Ghana A Monetary Policy Committee E S T.1957 Press Release June 13, 2012 1. Let me welcome you "
22614,MPC Press Release – September 2012,press_release,data/raw/pdf/2012-09_22614.pdf,https://www.bog.gov.gh/mpc_press_release/mpc-press-release-september-2012/,https://www.bog.gov.gh/wp-content/uploads/2020/05/mpc-press-release-september-2012.pdf,regular,primary,,,52,letterhead_date,False,True,52,52,52,2012-09-12,52,2012-09,15060,e6a1539c850c,data/raw/txt/2012-09_22614.txt,"KOFGH N A B A N A Bank of Ghana Monetary Policy Committee E ST.1957 Press Release September 12, 2012 1. Good morning lad"
22530,MPC Press Release – February 2013,press_release,data/raw/pdf/2013-02_22530.pdf,https://www.bog.gov.gh/mpc_press_release/mpc-press-release-february-2013/,https://www.bog.gov.gh/wp-content/uploads/2020/05/MPC-Press-Release-Feb-2013-final.pdf,regular,primary,,,54,text_number,False,True,,54,54,,54,2013-02,16227,f413e7e810f3,data/raw/txt/2013-02_22530.txt,"N KOFGH A B A N A Bank of Ghana Monetary Policy Committee E ST.1957 Press Release February, 2013 1. You are all welcome "
22578,MPC Press Release – May 2013,press_release,data/raw/pdf/2013-05_22578.pdf,https://www.bog.gov.gh/mpc_press_release/mpc-press-release-may-2013/,https://www.bog.gov.gh/wp-content/uploads/2020/05/MPC-Press-Release-May-2013.pdf,regular,primary,,,55,letterhead_date,False,True,55,55,55,2013-05-22,55,2013-05,14757,ed5fbfa6d5d3,data/raw/txt/2013-05_22578.txt,"NKOFGH A A N Bank of Ghana B A Monetary Policy Committee E ST.1957 Press Release May 22, 2013 1. Good morning and welcom"
22554,MPC Press Release – July 2013,press_release,data/raw/pdf/2013-07_22554.pdf,https://www.bog.gov.gh/mpc_press_release/mpc-press-release-july-2013/,https://www.bog.gov.gh/wp-content/uploads/2020/05/MPC-Press-Release-July-2013.pdf,regular,primary,,,56,letterhead_date,False,True,56,56,56,2013-07-31,56,2013-07,13643,eee664a7f7a4,data/raw/txt/2013-07_22554.txt,"A N K O F G H A B N Bank of Ghana A Monetary Policy Committee E S T . 1 9 5 7 Press Release JULY 31, 2013 1. Ladies and "
22624,MPC Press Release – September 2013,press_release,data/raw/pdf/2013-09_22624.pdf,https://www.bog.gov.gh/mpc_press_release/mpc-press-release-september-2013/,https://www.bog.gov.gh/wp-content/uploads/2020/05/MPC-Press-Release-September-2013.pdf,regular,primary,,,57,title,False,True,,,57,,,2013-09,13775,7b3f05b0acdd,data/raw/txt/2013-09_22624.txt,"1. Members of the Press, let me once again welcome you to the press briefing on the MPC’s assessment of economic develop"
22541,MPC Press Release – February 2014,press_release,data/raw/pdf/2014-02_22541.pdf,https://www.bog.gov.gh/mpc_press_release/mpc-press-release-february-2014/,https://www.bog.gov.gh/wp-content/uploads/2020/05/MPC-Press-Release-February-2014.pdf,emergency,primary,,,59,title,False,True,,,59,,,2014-02,6740,9f11b00d5721,data/raw/txt/2014-02_22541.txt,"P r N e K s O s F G R H elease A A B N A Bank of Ghana E S T . 1 9 5 7 Monetary Policy Committee Press Release FEBRUARY,"
22527,MPC Press Release – April 2014,press_release,data/raw/pdf/2014-04_22527.pdf,https://www.bog.gov.gh/mpc_press_release/mpc-press-release-april-2014/,https://www.bog.gov.gh/wp-content/uploads/2020/05/MPC-Press-Release-April-2014.pdf,regular,primary,,,59,text_number,False,True,,59,59,,59,2014-04,13701,dc056fe6ae11,data/raw/txt/2014-04_22527.txt,r e N s K s O F R G e H l ease A A B N A Bank of Ghana E S T . 1 9 5 7 Monetary Policy Committee Press Release APRIL 201
22557,MPC Press Release – July 2014,press_release,data/raw/pdf/2014-07_22557.pdf,https://www.bog.gov.gh/mpc_press_release/mpc-press-release-july-2014/,https://www.bog.gov.gh/wp-content/uploads/2020/05/MPC-PRESS-RELEASE-July-2014.pdf,regular,primary,,,60,letterhead_date,False,True,60,60,60,2014-07-09,60,2014-07,15677,4c53621428aa,data/raw/txt/2014-07_22557.txt,"B A NKOFGH A N A Bank of Ghana EST.1957 Monetary Policy Committee Press Release July 9, 2014 You are welcome to this pre"
22416,MPC Press Release – August 2014,press_release,data/raw/pdf/2014-08_22416.pdf,https://www.bog.gov.gh/mpc_press_release/mpc-press-release-august-2014/,https://www.bog.gov.gh/wp-content/uploads/2020/05/2004-MPC-Press-Release-August.pdf,regular,primary,,,10,letterhead_date,False,False,10,,,2004-08-20,,2014-08,9795,44fb9b995d1b,data/raw/txt/2014-08_22416.txt,"BANK OF GHANA K O F G H Press Release N A A N B A Monetary Policy Committee August 20, 2004 E ST .1957 1. Available data"
22608,MPC Press Release – September 2014,press_release,data/raw/pdf/2014-09_22608.pdf,https://www.bog.gov.gh/mpc_press_release/mpc-press-release-september-2014/,https://www.bog.gov.gh/wp-content/uploads/2020/05/MPC-Press-Release-Sept.-2014.pdf,regular,primary,,,61,text_number,False,True,,61,61,,61,2014-09,11915,e4870da6de84,data/raw/txt/2014-09_22608.txt,ress Release B A NKOF GH A N A Bank of Ghana Monetary Policy Committee EST.1957 Press Release September 2014 It is my pl
22627,MPC Press Release – September 2014,press_release,data/raw/pdf/2014-09_22627.pdf,https://www.bog.gov.gh/mpc_press_release/mpc-press-release-september-2014-2/,https://www.bog.gov.gh/wp-content/uploads/2020/05/MPC-Press-Release-September-2014.pdf,regular,duplicate,22608,True,61,text_number,False,True,,61,61,,61,2014-09,11915,e4870da6de84,data/raw/txt/2014-09_22627.txt,ress Release B A NKOF GH A N A Bank of Ghana Monetary Policy Committee EST.1957 Press Release September 2014 It is my pl
22595,MPC Press Release – November 2014,press_release,data/raw/pdf/2014-11_22595.pdf,https://www.bog.gov.gh/mpc_press_release/mpc-press-release-november-2014/,https://www.bog.gov.gh/wp-content/uploads/2020/05/MPC-Press-Release-Nov.-2014.pdf,regular,primary,,,62,text_number,False,True,,62,62,,62,2014-11,13138,6918605bcde3,data/raw/txt/2014-11_22595.txt,ress Release Bank of Ghana A NKOFGH A Monetary Policy Committee B N A Press Release EST.1957 November 2014 Ladies and Ge
22535,MPC Press Release – February 2015,press_release,data/raw/pdf/2015-02_22535.pdf,https://www.bog.gov.gh/mpc_press_release/mpc-press-release-february-2015/,https://www.bog.gov.gh/wp-content/uploads/2020/05/MPC-Press-Release-Feb.-2015.pdf,regular,primary,,,63,title,False,True,,,63,,,2015-02,12410,d17c601fd1f0,data/raw/txt/2015-02_22535.txt,ress Release B ank of Ghana A NKOFGH A Monetary Policy Committee B N A Press Release EST.1957 February 2015 Ladies and G
22581,MPC Press Release – May 2015,press_release,data/raw/pdf/2015-05_22581.pdf,https://www.bog.gov.gh/mpc_press_release/mpc-press-release-may-2015/,https://www.bog.gov.gh/wp-content/uploads/2020/05/MPC-Press-Release-May-2015.pdf,regular,primary,,,64,title,False,True,,,64,,,2015-05,9560,0c1d40eeea78,data/raw/txt/2015-05_22581.txt,Bank of Ghana ress Release NKOFGH A A B N A Monetary Policy Committee EST.1957 Press Release May 2015 1. Let me welcome 
22560,MPC Press Release – July 2015,press_release,data/raw/pdf/2015-07_22560.pdf,https://www.bog.gov.gh/mpc_press_release/mpc-press-release-july-2015/,https://www.bog.gov.gh/wp-content/uploads/2020/05/MPC-Press-Release-July-2015.pdf,regular,primary,,,65,text_number,False,True,,65,65,,65,2015-07,4851,c08c195ff4b2,data/raw/txt/2015-07_22560.txt,Bank of Ghana ress Release NKOFGH B A A N Monetary Policy Committee A Press Release EST.1957 July 2015 The Monetary Poli
22631,MPC Press Release – September 2015,press_release,data/raw/pdf/2015-09_22631.pdf,https://www.bog.gov.gh/mpc_press_release/mpc-press-release-september-2015/,https://www.bog.gov.gh/wp-content/uploads/2020/05/MPC-Press-Release-September-2015.pdf,regular,primary,,,66,text_number,False,True,,66,66,,66,2015-09,5081,a0c891be6792,data/raw/txt/2015-09_22631.txt,ress ReleaseB ANK OF GHANA B A NKOFGH A N Monetary Policy Committee A Press Release EST.1957 September 2015 1. Ladies an
22598,MPC Press Release – November 2015,press_release,data/raw/pdf/2015-11_22598.pdf,https://www.bog.gov.gh/mpc_press_release/mpc-press-release-november-2015/,https://www.bog.gov.gh/wp-content/uploads/2020/05/MPC-Press-Release-Nov.-2015.pdf,regular,primary,,,67,text_number,False,True,,67,67,,67,2015-11,4572,ae844b1a1ace,data/raw/txt/2015-11_22598.txt,hasress ReleasBe ANK OF GHANA B A NKOFGH A N Monetary Policy Committee A Press Release EST.1957 November 2015 1. Ladies 
22652,MPC Press Release – November 2015,press_release,data/raw/pdf/2015-11_22652.pdf,https://www.bog.gov.gh/mpc_press_release/mpc-press-release-november-2015-2/,https://www.bog.gov.gh/wp-content/uploads/2020/05/MPC-Press-Release-November-2015.pdf,regular,duplicate,22598,False,67,text_number,False,True,,67,67,,67,2015-11,4569,d77242af5c4b,data/raw/txt/2015-11_22652.txt,hasress ReleasBe ANK OF GHANA B A NKOFGH A N Monetary Policy Committee A Press Release EST.1957 November 2015 1. Ladies 
22646,MPC Press Release – January 2016,press_release,data/raw/pdf/2016-01_22646.pdf,https://www.bog.gov.gh/mpc_press_release/mpc-press-release-january-2016/,https://www.bog.gov.gh/wp-content/uploads/2020/05/MPC-Press-Release-Jan-2016.pdf,regular,primary,,,68,text_number,False,True,,68,68,,68,2016-01,5081,b88f7f1c869f,data/raw/txt/2016-01_22646.txt,hasress Release BANK OF GHANA B A NKOFGH A N Monetary Policy Committee A Press Release EST.1957 January 2016 1. Ladies a
22649,MPC Press Release – March 2016,press_release,data/raw/pdf/2016-03_22649.pdf,https://www.bog.gov.gh/mpc_press_release/mpc-press-release-march-2016/,https://www.bog.gov.gh/wp-content/uploads/2020/05/MPC-Press-Release-March-2016.pdf,regular,primary,,,69,text_number,False,True,,69,69,,69,2016-03,5417,8ac2ac806428,data/raw/txt/2016-03_22649.txt,hasress Release BANK OF GHANA B A N K O F GH A N A Monetary Policy C ommitt ee (MPC) Press Release ES T. 1 9 57 March 20
22585,MPC Press Release – May 2016,press_release,data/raw/pdf/2016-05_22585.pdf,https://www.bog.gov.gh/mpc_press_release/mpc-press-release-may-2016/,https://www.bog.gov.gh/wp-content/uploads/2020/05/MPC-Press-Release-May-2016-1.pdf,regular,primary,,,70,letterhead_date,False,True,70,70,70,2016-05-16,70,2016-05,5695,4622cc378d9c,data/raw/txt/2016-05_22585.txt,"Bank of Ghana Monetary Policy Committee Press Release May 16, 2016 1. Ladies and Gentlemen, welcome to this MPC press br"
22568,MPC Press Release – July 2016,press_release,data/raw/pdf/2016-07_22568.pdf,https://www.bog.gov.gh/mpc_press_release/mpc-press-release-july-2016/,https://www.bog.gov.gh/wp-content/uploads/2020/05/MPC-Press-Release-July-2016.pdf,regular,primary,,,71,letterhead_date,False,True,71,71,71,2016-07-18,71,2016-07,6181,7f9d4388bbae,data/raw/txt/2016-07_22568.txt,"Bank of Ghana Monetary Policy Committee Press Release July 18, 2016 1. Ladies and Gentlemen, welcome to this MPC press b"
22611,MPC Press Release – September 2016,press_release,data/raw/pdf/2016-09_22611.pdf,https://www.bog.gov.gh/mpc_press_release/mpc-press-release-september-2016/,https://www.bog.gov.gh/wp-content/uploads/2020/05/MPC-Press-Release-Sept.-2016.pdf,regular,primary,,,72,letterhead_date,False,True,72,72,72,2016-09-19,72,2016-09,5957,314ce0bed7d2,data/raw/txt/2016-09_22611.txt,"Bank of Ghana Monetary Policy Committee Press Release September 19, 2016 1. Ladies and Gentlemen, welcome to this MPC pr"
22601,MPC Press Release – November 2016,press_release,data/raw/pdf/2016-11_22601.pdf,https://www.bog.gov.gh/mpc_press_release/mpc-press-release-november-2016/,https://www.bog.gov.gh/wp-content/uploads/2020/05/MPC-Press-Release-Nov.-2016.pdf,regular,primary,,,73,letterhead_date,False,True,73,73,73,2016-11-21,73,2016-11,5704,a5a73a4dc1d4,data/raw/txt/2016-11_22601.txt,"Bank of Ghana Monetary Policy Committee Press Release November 21, 2016 1. Ladies and Gentlemen, welcome to this MPC pre"
22544,MPC Press Release – January 2017,press_release,data/raw/pdf/2017-01_22544.pdf,https://www.bog.gov.gh/mpc_press_release/mpc-press-release-january-2017/,https://www.bog.gov.gh/wp-content/uploads/2020/05/MPC-Press-Release-Jan.-2017.pdf,regular,primary,,,74,letterhead_date,False,True,74,74,74,2017-01-23,74,2017-01,5513,87256a3e1c72,data/raw/txt/2017-01_22544.txt,"Bank of Ghana Monetary Policy Committee Press Release January 23, 2017 1. Ladies and Gentlemen, welcome to the first MPC"
22575,MPC Press Release – March 2017,press_release,data/raw/pdf/2017-03_22575.pdf,https://www.bog.gov.gh/mpc_press_release/mpc-press-release-march-2017/,https://www.bog.gov.gh/wp-content/uploads/2020/05/MPC-Press-Release-March-2017.pdf,regular,primary,,,75,letterhead_date,False,True,75,75,75,2017-03-27,75,2017-03,4345,a9b4e1adaa86,data/raw/txt/2017-03_22575.txt,"Bank of Ghana Monetary Policy Committee Press Release March 27, 2017 1. Ladies and Gentlemen, welcome to this MPC press "
22589,MPC Press Release – May 2017,press_release,data/raw/pdf/2017-05_22589.pdf,https://www.bog.gov.gh/mpc_press_release/mpc-press-release-may-2017/,https://www.bog.gov.gh/wp-content/uploads/2020/05/MPC-Press-Release-May-2017.pdf,regular,primary,,,76,title,False,True,,,76,,,2017-05,8372,ec9fb2284293,data/raw/txt/2017-05_22589.txt,"F Bank of Ghana Monetary Policy Committee Press Release For Immediate Release Date: 22 May 2017 1. Ladies and Gentlemen,"
22551,MPC Press Release – July 2017,press_release,data/raw/pdf/2017-07_22551.pdf,https://www.bog.gov.gh/mpc_press_release/mpc-press-release-july-2017/,https://www.bog.gov.gh/wp-content/uploads/2020/05/MPC-Press-Release-July-2017.pdf,regular,primary,,,77,letterhead_date,False,True,77,77,77,2017-07-24,77,2017-07,9618,946bb58e6546,data/raw/txt/2017-07_22551.txt,"Bank of Ghana Monetary Policy Committee Press Release July 24, 2017 1. Ladies and Gentlemen, welcome to the press briefi"
22604,MPC Press Release – November 2017,press_release,data/raw/pdf/2017-11_22604.pdf,https://www.bog.gov.gh/mpc_press_release/mpc-press-release-november-2017/,https://www.bog.gov.gh/wp-content/uploads/2020/05/MPC-Press-Release-November-2017.pdf,regular,primary,,,79,letterhead_date,False,True,79,,79,2017-11-27,,2017-11,10368,c2e244315412,data/raw/txt/2017-11_22604.txt,"Bank of Ghana Monetary Policy Committee Press Release November 27, 2017 th 1. Ladies and Gentlemen, welcome to the press"
22547,MPC Press Release – January 2018,press_release,data/raw/pdf/2018-01_22547.pdf,https://www.bog.gov.gh/mpc_press_release/mpc-press-release-january-2018/,https://www.bog.gov.gh/wp-content/uploads/2020/05/MPC-Press-Release-January-2018.pdf,regular,duplicate,17209,True,80,letterhead_date,False,True,80,80,80,2018-01-22,80,2018-01,12157,03396b145695,data/raw/txt/2018-01_22547.txt,"Bank of Ghana Monetary Policy Committee Press Release January 22, 2018 1. Ladies and Gentlemen, welcome to the press bri"
17219,MPC Press Release – March 2018,press_release,data/raw/pdf/2018-03_17219.pdf,https://www.bog.gov.gh/mpc_press_release/mpc-press-release-march-2018/,https://www.bog.gov.gh/wp-content/uploads/2019/08/MPC-Press-Release-March-2018.pdf,regular,primary,,,81,text_number,False,True,,81,81,,81,2018-03,11528,b0fa774e603e,data/raw/txt/2018-03_17219.txt,"1. Ladies and Gentlemen, welcome to the press briefing of the 81st regular meeting of the Monetary Policy Committee held"
17227,MPC Press Release – May 2018,press_release,data/raw/pdf/2018-05_17227.pdf,https://www.bog.gov.gh/mpc_press_release/mpc-press-release-may-2018/,https://www.bog.gov.gh/wp-content/uploads/2019/08/MPC-Press-Release-May-2018.pdf,regular,primary,,,82,letterhead_date,False,True,82,,82,2018-05-21,,2018-05,12527,ce5551086296,data/raw/txt/2018-05_17227.txt,"Bank of Ghana Monetary Policy Committee Press Release May 21, 2018 1. Ladies and Gentlemen of the press, we welcome you "
22592,MPC Press Release – May 2018,press_release,data/raw/pdf/2018-05_22592.pdf,https://www.bog.gov.gh/mpc_press_release/mpc-press-release-may-2018-2/,https://www.bog.gov.gh/wp-content/uploads/2020/05/MPC-Press-Release-May-2018.pdf,regular,duplicate,17227,True,82,letterhead_date,False,True,82,,82,2018-05-21,,2018-05,12527,ce5551086296,data/raw/txt/2018-05_22592.txt,"Bank of Ghana Monetary Policy Committee Press Release May 21, 2018 1. Ladies and Gentlemen of the press, we welcome you "
17231,MPC Infographics – July 2018,support_data,data/raw/pdf/2018-07_17231.pdf,https://www.bog.gov.gh/mpc_press_release/mpc-infographics-july-2018/,https://www.bog.gov.gh/wp-content/uploads/2019/08/MPC-Infographics-July-2018.pdf,,not_a_statement,,,,,,,,,,,,,,,,
17233,MPC Press Release – July 2018,press_release,data/raw/pdf/2018-07_17233.pdf,https://www.bog.gov.gh/mpc_press_release/mpc-press-release-july-2018/,https://www.bog.gov.gh/wp-content/uploads/2019/08/MPC-Press-Release-July-2018.pdf,regular,primary,,,83,letterhead_date,False,True,83,83,83,2018-07-23,83,2018-07,11932,789dca8635f7,data/raw/txt/2018-07_17233.txt,"Bank of Ghana Monetary Policy Committee Press Release July 23, 2018 1. Ladies and Gentlemen of the Press, we welcome you"
17262,MPC Press Release – September 2018,press_release,data/raw/pdf/2018-09_17262.pdf,https://www.bog.gov.gh/mpc_press_release/mpc-press-release-september-2018/,https://www.bog.gov.gh/wp-content/uploads/2019/08/MPC_Press_Release_Sept_2018.pdf,regular,primary,,,84,text_number,False,True,,84,84,,84,2018-09,12110,b41d74ec9c68,data/raw/txt/2018-09_17262.txt,"1. Ladies and Gentlemen of the Press, it is my pleasure to welcome you to this morning’s press conference of the 84th re"
17273,MPC Press Release – November 2018,press_release,data/raw/pdf/2018-11_17273.pdf,https://www.bog.gov.gh/mpc_press_release/mpc-press-release-november-2018/,https://www.bog.gov.gh/wp-content/uploads/2019/08/MPC-Press-Release-November-2018.pdf,regular,primary,,,85,letterhead_date,False,True,85,85,85,2018-11-26,85,2018-11,14523,80c64d820f78,data/raw/txt/2018-11_17273.txt,"Bank of Ghana Monetary Policy Committee Press Release November 26, 2018 Ladies and Gentlemen of the Press, welcome to th"
17285,MPC Press Release – January 2019,press_release,data/raw/pdf/2019-01_17285.pdf,https://www.bog.gov.gh/mpc_press_release/mpc-press-release-january-2019/,https://www.bog.gov.gh/wp-content/uploads/2019/08/MPC-Press-Release-January-2019.pdf,regular,primary,,,86,letterhead_date,False,True,86,86,86,2019-01-28,86,2019-01,12759,52fec3c9fb46,data/raw/txt/2019-01_17285.txt,"Bank of Ghana Monetary Policy Committee Press Release January 28, 2019 1. Ladies and Gentlemen, welcome to the press bri"
17305,MPC Press Release – April 2019,press_release,data/raw/pdf/2019-04_17305.pdf,https://www.bog.gov.gh/mpc_press_release/mpc-press-release-april-2019/,https://www.bog.gov.gh/wp-content/uploads/2019/08/MPC-Press-Release-April-2019.pdf,regular,primary,,,87,text_number,False,True,,87,87,,87,2019-04,15792,be302cace135,data/raw/txt/2019-04_17305.txt,"1. Ladies and Gentlemen, welcome to the press briefing of the 87th regular meeting of the Monetary Policy Committee (MPC"
17307,MPC Press Release – May 2019,press_release,data/raw/pdf/2019-05_17307.pdf,https://www.bog.gov.gh/mpc_press_release/mpc-press-release-may-2019/,https://www.bog.gov.gh/wp-content/uploads/2019/08/MPC-Press-Release-May-2019.pdf,regular,primary,,,88,text_number,False,True,,88,88,,88,2019-05,15105,98c4b64f64f8,data/raw/txt/2019-05_17307.txt,1. Good morning and welcome to the Press Briefing of the 88th MPC Meeting. The MPC of the Bank of Ghana met during the p
17315,MPC Press Release – July 2019,press_release,data/raw/pdf/2019-07_17315.pdf,https://www.bog.gov.gh/mpc_press_release/mpc-press-release-july-2019/,https://www.bog.gov.gh/wp-content/uploads/2019/08/MPC-Press-Release-July-2019.pdf,regular,primary,,,89,text_number,False,True,,89,89,,89,2019-07,13275,598cb1446786,data/raw/txt/2019-07_17315.txt,1. Good afternoon and welcome to the 89th MPC press briefing. The MPC met during the week to deliberate on recent global
18654,MPC Press Release – September 2019,press_release,data/raw/pdf/2019-09_18654.pdf,https://www.bog.gov.gh/mpc_press_release/mpc-press-release-september-2019/,https://www.bog.gov.gh/wp-content/uploads/2019/09/MPC-Press-Conf-Release_Sept_20_2019.pdf,regular,primary,,,90,letterhead_date,False,True,90,,90,2019-09-20,,2019-09,13620,92e3a4d2d69e,data/raw/txt/2019-09_18654.txt,"Bank of Ghana Monetary Policy Committee Press Release September 20, 2019 1. Since the last meeting of the MPC in July 20"
19512,MPC Press Release – November 2019,press_release,data/raw/pdf/2019-11_19512.pdf,https://www.bog.gov.gh/mpc_press_release/mpc-press-release-november-2019/,https://www.bog.gov.gh/wp-content/uploads/2019/11/MPC-Press-Release-Nov.-2019.pdf,regular,primary,,,91,letterhead_date,False,True,91,91,91,2019-11-25,91,2019-11,20143,ee1ee7f253d6,data/raw/txt/2019-11_19512.txt,"Bank of Ghana Monetary Policy Committee Press Release November 25, 2019 1. Welcome, Ladies and Gentlemen of the Media to"
20462,MPC Press Release – January 2020,press_release,data/raw/pdf/2020-01_20462.pdf,https://www.bog.gov.gh/mpc_press_release/mpc-press-release-january-2020/,https://www.bog.gov.gh/wp-content/uploads/2020/01/MPC-Press-Release-January-2020-4.pdf,regular,primary,,,92,letterhead_date,False,True,92,,92,2020-01-31,,2020-01,14877,95fae3e197c6,data/raw/txt/2020-01_20462.txt,"Bank of Ghana Monetary Policy Committee Press Release January 31, 2020 1. Good morning, Ladies and Gentlemen of the medi"
21241,MPC Press Release – March 2020,press_release,data/raw/pdf/2020-03_21241.pdf,https://www.bog.gov.gh/mpc_press_release/mpc-press-release-march-2020/,https://www.bog.gov.gh/wp-content/uploads/2020/03/MPC-Press-Release-March-2020-3.pdf,regular,primary,,,93,letterhead_date,False,True,93,,93,2020-03-18,,2020-03,7409,0ffffd1f3448,data/raw/txt/2020-03_21241.txt,"Bank of Ghana Monetary Policy Committee Press Release March 18 , 2020 1. At the last MPC meeting in January 2020, the sy"
22716,MPC Press Release – MAY 2020,press_release,data/raw/pdf/2020-05_22716.pdf,https://www.bog.gov.gh/mpc_press_release/mpc-press-release-may-2020/,https://www.bog.gov.gh/wp-content/uploads/2020/05/MPC-Press-Release-15th-May-2020-2.pdf,regular,primary,,,94,letterhead_date,False,True,94,,94,2020-05-15,,2020-05,12419,4d8864e88903,data/raw/txt/2020-05_22716.txt,Bank of Ghana Monetary Policy Committee Press Release May 15 2020 Global Developments 1. The COVID-19 pandemic has disru
24525,MPC Meeting – July 2020,meeting_notice,data/raw/pdf/2020-07_24525.pdf,https://www.bog.gov.gh/mpc_press_release/mpc-meeting-july-2020/,https://www.bog.gov.gh/wp-content/uploads/2020/07/Notice-of-95th-MPC-Meeting.pdf,,not_a_statement,,,,,,,,,,,,,,,,
24959,Summary of Economic and Financial Data – July 2020,support_data,data/raw/pdf/2020-07_24959.pdf,https://www.bog.gov.gh/mpc_press_release/summary-of-economic-and-financial-data-july-2020/,https://www.bog.gov.gh/wp-content/uploads/2020/07/Summary-of-Economic-Financial-Data-July-2020.pdf,,not_a_statement,,,,,,,,,,,,,,,,
25062,MPC Press Release – July 2020,press_release,data/raw/pdf/2020-07_25062.pdf,https://www.bog.gov.gh/mpc_press_release/mpc-press-release-july-2020/,https://www.bog.gov.gh/wp-content/uploads/2020/07/MPC-Press-Release-July-2020-1.pdf,regular,primary,,,95,letterhead_date,False,True,95,95,95,2020-07-27,95,2020-07,17793,a168f349092c,data/raw/txt/2020-07_25062.txt,"Bank of Ghana Monetary Policy Committee Press Release July 27 , 2020 1. Good morning, Ladies and Gentlemen of the Media,"
25084,Real Sector Charts – July 2020,support_data,data/raw/pdf/2020-07_25084.pdf,https://www.bog.gov.gh/mpc_press_release/real-sector-charts-july-2020/,https://www.bog.gov.gh/wp-content/uploads/2020/07/Real-Sector-Charts-July-2020.pdf,,not_a_statement,,,,,,,,,,,,,,,,
25888,MPC Meeting – September 2020,meeting_notice,data/raw/pdf/2020-09_25888.pdf,https://www.bog.gov.gh/mpc_press_release/mpc-meeting-september-2020/,https://www.bog.gov.gh/wp-content/uploads/2020/09/Notice_of_96th_MPC_Meeting.pdf,,not_a_statement,,,,,,,,,,,,,,,,
26157,MPC Press Release – September 2020,press_release,data/raw/pdf/2020-09_26157.pdf,https://www.bog.gov.gh/mpc_press_release/mpc-press-release-september-2020/,https://www.bog.gov.gh/wp-content/uploads/2020/09/MPC-Press-Release-September-2020-1.pdf,regular,primary,,,96,letterhead_date,False,True,96,96,96,2020-09-28,96,2020-09,14894,d9281d73b740,data/raw/txt/2020-09_26157.txt,"Bank of Ghana Monetary Policy Committee Press Release September 28 , 2020 Good morning, Ladies and Gentlemen of the Medi"
26649,MPC Meeting – November 2020,meeting_notice,data/raw/pdf/2020-11_26649.pdf,https://www.bog.gov.gh/mpc_press_release/mpc-meeting-november-2020/,https://www.bog.gov.gh/wp-content/uploads/2020/11/Notice-of-97th-MPC-Meeting-1.pdf,,not_a_statement,,,,,,,,,,,,,,,,
26831,MPC Press Release – November 2020,press_release,data/raw/pdf/2020-11_26831.pdf,https://www.bog.gov.gh/mpc_press_release/mpc-press-release-november-2020/,https://www.bog.gov.gh/wp-content/uploads/2020/11/97th-MPC-Press-Release-23rd-November-2020-2.pdf,regular,primary,,,97,letterhead_date,False,True,97,97,97,2020-11-23,97,2020-11,15212,c1d4e9f736d7,data/raw/txt/2020-11_26831.txt,"Bank of Ghana Monetary Policy Committee Press Release November 23 2020 Good morning, Ladies and Gentlemen of the Media, "
26931,Real Sector Charts – MPC November 2020,support_data,data/raw/pdf/2020-11_26931.pdf,https://www.bog.gov.gh/mpc_press_release/real-sector-charts-mpc-november-2020/,https://www.bog.gov.gh/wp-content/uploads/2020/12/Real-Sector-Charts_November-2020-1.pdf,,not_a_statement,,,,,,,,,,,,,,,,
27258,MPC Meeting – January 2021,meeting_notice,data/raw/pdf/2021-01_27258.pdf,https://www.bog.gov.gh/mpc_press_release/mpc-meeting-january-2021/,https://www.bog.gov.gh/wp-content/uploads/2021/01/Notice-of-98th-MPC-Meetings.pdf,,not_a_statement,,,,,,,,,,,,,,,,
27901,MPC Meeting – March 2021,meeting_notice,data/raw/pdf/2021-03_27901.pdf,https://www.bog.gov.gh/mpc_press_release/mpc-meeting-march-2021/,https://www.bog.gov.gh/wp-content/uploads/2021/03/Notice-of-99th-MPC-Meetings.pdf,,not_a_statement,,,,,,,,,,,,,,,,
28010,Summary of Economic and Financial Data – March 2021,support_data,data/raw/pdf/2021-03_28010.pdf,https://www.bog.gov.gh/mpc_press_release/summary-of-economic-and-financial-data-march-2021/,https://www.bog.gov.gh/wp-content/uploads/2021/03/Summary-of-Economic-Financial-Data-March-2021-1.pdf,,not_a_statement,,,,,,,,,,,,,,,,
28020,MPC Press Release – March 2021,press_release,data/raw/pdf/2021-03_28020.pdf,https://www.bog.gov.gh/mpc_press_release/mpc-press-release-march-2021/,https://www.bog.gov.gh/wp-content/uploads/2021/03/MPC-Press-Release-March-2021.pdf,regular,primary,,,99,letterhead_date,False,True,99,,99,2021-03-22,,2021-03,17055,f698c7202eb9,data/raw/txt/2021-03_28020.txt,"Bank of Ghana Monetary Policy Committee Press Release March 22, 2021 The MPC met last week and reviewed recent global an"
28169,Real Sector Charts – MPC March 2021,support_data,data/raw/pdf/2021-03_28169.pdf,https://www.bog.gov.gh/mpc_press_release/real-sector-charts-mpc-march-2021/,https://www.bog.gov.gh/wp-content/uploads/2021/04/Real-Sector-Charts_MPC-March-2021.pdf,,not_a_statement,,,,,,,,,,,,,,,,
28784,MPC Press Release – May 2021,press_release,data/raw/pdf/2021-05_28784.pdf,https://www.bog.gov.gh/mpc_press_release/mpc-press-release-may-2021/,https://www.bog.gov.gh/wp-content/uploads/2021/05/100th-MPC-Press-Release-May-2021.pdf,regular,primary,,,100,letterhead_date,False,True,100,100,100,2021-05-31,100,2021-05,17420,c96e6953cba6,data/raw/txt/2021-05_28784.txt,"Bank of Ghana Monetary Policy Committee Press Release May 31, 2021 Good morning, Ladies and Gentlemen of the Media, let "
28806,Real Sector Charts – MPC May 2021,support_data,data/raw/pdf/2021-05_28806.pdf,https://www.bog.gov.gh/mpc_press_release/real-sector-charts-mpc-may-2021/,https://www.bog.gov.gh/wp-content/uploads/2021/05/Real-Sector-Charts_March-2021-Data_29-MAY-MPC-MEETING.pdf,,not_a_statement,,,,,,,,,,,,,,,,
29567,MPC Press Release – July 2021,press_release,data/raw/pdf/2021-07_29567.pdf,https://www.bog.gov.gh/mpc_press_release/mpc-press-release-july-2021/,https://www.bog.gov.gh/wp-content/uploads/2021/07/MPC-Press-Release-July-26-2021.pdf,regular,primary,,,101,text_number,False,True,,101,101,,101,2021-07,19249,7d0545f9e0d4,data/raw/txt/2021-07_29567.txt,"Good Morning, Ladies and Gentlemen of the Media. Let me welcome you all to the 101st press conference of the Monetary Po"
29581,Real Sector Charts – MPC July 2021,support_data,data/raw/pdf/2021-07_29581.pdf,https://www.bog.gov.gh/mpc_press_release/real-sector-charts-mpc-july-2021/,https://www.bog.gov.gh/wp-content/uploads/2021/07/Real-Sector-Charts_July-2021-MPC.pdf,,not_a_statement,,,,,,,,,,,,,,,,
29872,Inflation Outlook and Analysis Report – July 2021,support_data,data/raw/pdf/2021-07_29872.pdf,https://www.bog.gov.gh/mpc_press_release/inflation-outlook-and-analysis-report-july-2021/,https://www.bog.gov.gh/wp-content/uploads/2021/08/Inflation-Outlook-and-Analysis-July-2021.pdf,,not_a_statement,,,,,,,,,,,,,,,,
29875,Fiscal Developments Report – July 2021,support_data,data/raw/pdf/2021-07_29875.pdf,https://www.bog.gov.gh/mpc_press_release/fiscal-developments-report-july-2021/,https://www.bog.gov.gh/wp-content/uploads/2021/08/Fiscal-Developments-July-2021.pdf,,not_a_statement,,,,,,,,,,,,,,,,
29878,Global Economic Developments and Ghana’s Balance of Payments – July 2021,support_data,data/raw/pdf/2021-07_29878.pdf,https://www.bog.gov.gh/mpc_press_release/global-economic-developments-and-ghanas-balance-of-payments-july-2021/,https://www.bog.gov.gh/wp-content/uploads/2021/08/Global-Economic-Devts-Ghanas-Balance-of-Payments-July-2021.pdf,,not_a_statement,,,,,,,,,,,,,,,,
29881,Real Sector Developments Report – July 2021,support_data,data/raw/pdf/2021-07_29881.pdf,https://www.bog.gov.gh/mpc_press_release/real-sector-developments-report-july-2021/,https://www.bog.gov.gh/wp-content/uploads/2021/08/Real-Sector-Developments-July-2021.docx.pdf,,not_a_statement,,,,,,,,,,,,,,,,
29886,Monetary and Financial Developments Report – July 2021,support_data,data/raw/pdf/2021-07_29886.pdf,https://www.bog.gov.gh/mpc_press_release/monetary-and-financial-developments-report-july-2021/,https://www.bog.gov.gh/wp-content/uploads/2021/08/Monetary-and-Financial-Developments-July-2021.pdf,,not_a_statement,,,,,,,,,,,,,,,,
30280,MPC Press Release – September 2021,press_release,data/raw/pdf/2021-09_30280.pdf,https://www.bog.gov.gh/mpc_press_release/mpc-press-release-september-2021/,https://www.bog.gov.gh/wp-content/uploads/2021/09/MPC-Press-Release-September-2021.pdf,regular,primary,,,102,letterhead_date,False,True,102,102,102,2021-09-27,102,2021-09,21840,413cf5f0ae4c,data/raw/txt/2021-09_30280.txt,"Bank of Ghana Monetary Policy Committee Press Release September 27 2021 Good Morning, Ladies and Gentlemen of the Media."
30810,Banking Sector Developments Report – September 2021,support_data,data/raw/pdf/2021-09_30810.pdf,https://www.bog.gov.gh/mpc_press_release/banking-sector-developments-report-september-2021/,https://www.bog.gov.gh/wp-content/uploads/2021/11/Banking-Sector-Developments-September-2021-1.pdf,,not_a_statement,,,,,,,,,,,,,,,,
30813,Inflation Outlook and Analysis Report – September 2021,support_data,data/raw/pdf/2021-09_30813.pdf,https://www.bog.gov.gh/mpc_press_release/inflation-outlook-and-analysis-report-september-2021/,https://www.bog.gov.gh/wp-content/uploads/2021/11/Inflation-Outlook-and-Analysis-September-2021.pdf,,not_a_statement,,,,,,,,,,,,,,,,
30816,Fiscal Developments Report – September 2021,support_data,data/raw/pdf/2021-09_30816.pdf,https://www.bog.gov.gh/mpc_press_release/fiscal-developments-report-september-2021/,https://www.bog.gov.gh/wp-content/uploads/2021/11/Fiscal-Developments-September-2021.pdf,,not_a_statement,,,,,,,,,,,,,,,,
30819,Global Economic Developments and Ghana’s Balance of Payments – September 2021,support_data,data/raw/pdf/2021-09_30819.pdf,https://www.bog.gov.gh/mpc_press_release/global-economic-developments-and-ghanas-balance-of-payments-september-2021/,https://www.bog.gov.gh/wp-content/uploads/2021/11/Global-Economic-and-Ghanas-Balance-of-Payments-Developments-September-2021.pdf,,not_a_statement,,,,,,,,,,,,,,,,
30822,Real Sector Developments Report – September 2021,support_data,data/raw/pdf/2021-09_30822.pdf,https://www.bog.gov.gh/mpc_press_release/real-sector-developments-report-september-2021/,https://www.bog.gov.gh/wp-content/uploads/2021/11/Real-Sector-Developments-September-2021.pdf,,not_a_statement,,,,,,,,,,,,,,,,
30825,Monetary and Financial Developments Report – September 2021,support_data,data/raw/pdf/2021-09_30825.pdf,https://www.bog.gov.gh/mpc_press_release/monetary-and-financial-developments-report-september-2021/,https://www.bog.gov.gh/wp-content/uploads/2021/11/Monetary-and-Financial-Developments-September-2021.pdf,,not_a_statement,,,,,,,,,,,,,,,,
31087,MPC Press Release – November 2021,press_release,data/raw/pdf/2021-11_31087.pdf,https://www.bog.gov.gh/mpc_press_release/mpc-press-release-november-2021/,https://www.bog.gov.gh/wp-content/uploads/2021/12/MPC-Press-Release-November-2021.pdf,regular,primary,,,103,letterhead_date,False,True,103,103,103,2021-11-22,103,2021-11,18987,cd00f8339a22,data/raw/txt/2021-11_31087.txt,"Bank of Ghana Monetary Policy Committee Press Release November 22, 2021 The Monetary Policy Committee, last week, held i"
31090,Summary of Economic and Financial Data – November 2021,support_data,data/raw/pdf/2021-11_31090.pdf,https://www.bog.gov.gh/mpc_press_release/summary-of-economic-and-financial-data-november-2021/,https://www.bog.gov.gh/wp-content/uploads/2021/12/Summary-of-Economic-and-Financial-Data-November-2021.pdf,,not_a_statement,,,,,,,,,,,,,,,,
31093,Summary of Economic and Financial Charts – November 2021,support_data,data/raw/pdf/2021-11_31093.pdf,https://www.bog.gov.gh/mpc_press_release/summary-of-economic-and-financial-charts-november-2021/,https://www.bog.gov.gh/wp-content/uploads/2021/12/Summary-of-Economic-and-Financial-Charts-November-2021.pdf,,not_a_statement,,,,,,,,,,,,,,,,
31925,MPC Press Release – January 2022,press_release,data/raw/pdf/2022-01_31925.pdf,https://www.bog.gov.gh/mpc_press_release/mpc-press-release-january-2022/,https://www.bog.gov.gh/wp-content/uploads/2022/01/MPC-Press-Release-January-2022.pdf,regular,primary,,,104,text_number,False,True,,104,104,,104,2022-01,19359,2f9cc05592ce,data/raw/txt/2022-01_31925.txt,"The Monetary Policy Committee, last week, held its 104th meeting and the first meeting for the year. The Committee delib"
31931,Summary of Economic and Financial Data – January 2022,support_data,data/raw/pdf/2022-01_31931.pdf,https://www.bog.gov.gh/mpc_press_release/summary-of-economic-and-financial-data-january-2022/,https://www.bog.gov.gh/wp-content/uploads/2022/01/Summary-of-Economic-and-Financial-Data-January-2022-1.pdf,,not_a_statement,,,,,,,,,,,,,,,,
32459,MPC Press Release – March 2022,press_release,data/raw/pdf/2022-03_32459.pdf,https://www.bog.gov.gh/mpc_press_release/mpc-press-release-march-2022/,https://www.bog.gov.gh/wp-content/uploads/2022/03/MPC-Press-Release-March-2022.pdf,regular,primary,,,105,letterhead_date,False,True,105,105,105,2022-03-21,105,2022-03,21196,4c2042e54fb5,data/raw/txt/2022-03_32459.txt,"Bank of Ghana Monetary Policy Committee Press Release March 21, 2022 The Monetary Policy Committee (MPC) held its 105th "
33453,MPC Press Release – May 2022,press_release,data/raw/pdf/2022-05_33453.pdf,https://www.bog.gov.gh/mpc_press_release/mpc-press-release-may-2022/,https://www.bog.gov.gh/wp-content/uploads/2022/05/MPC-Press-Release-May-2022.pdf,regular,primary,,,106,text_number,False,True,,106,106,,106,2022-05,19476,a11837d22d77,data/raw/txt/2022-05_33453.txt,"Good morning, Ladies and Gentlemen of the Media and welcome to the Press briefing after the 106th Monetary Policy Commit"
34434,MPC Press Release – July 2022,press_release,data/raw/pdf/2022-07_34434.pdf,https://www.bog.gov.gh/mpc_press_release/mpc-press-release-july-2022/,https://www.bog.gov.gh/wp-content/uploads/2022/07/MPC-Press-Release-July-2022.pdf,regular,primary,,,107,title,False,True,,,107,,,2022-07,18934,082cfa8e59b0,data/raw/txt/2022-07_34434.txt,"Good morning, Ladies and Gentlemen of the Media and welcome to the press briefing th after the 107 Monetary Policy Commi"
34742,Emergency MPC Press Release – August 2022,emergency,data/raw/pdf/2022-08_34742.pdf,https://www.bog.gov.gh/mpc_press_release/emergency-mpc-press-release-august-2022/,https://www.bog.gov.gh/wp-content/uploads/2022/08/MPC-Press-Release-Emergency-MPC-Meeting-August-17-2022.pdf,emergency,primary,,,107,letterhead_date,False,True,107,,107,2022-08-17,,2022-08,4453,8c725694efa7,data/raw/txt/2022-08_34742.txt,"Bank of Ghana Monetary Policy Committee Press Release August 17, 2022 The Monetary Policy Committee (MPC), today held an"
35353,MPC Press Release – October 2022,press_release,data/raw/pdf/2022-10_35353.pdf,https://www.bog.gov.gh/mpc_press_release/mpc-press-release-october-2022/,https://www.bog.gov.gh/wp-content/uploads/2022/10/MPC-Press-Release-October-2022.pdf,regular,primary,,,108,text_number,False,True,,108,108,,108,2022-10,15644,964574f0adad,data/raw/txt/2022-10_35353.txt,"Good morning, Ladies and Gentlemen of the Media and welcome to the press briefing after the 108th Monetary Policy Commit"
35913,MPC Press Release – November 2022,press_release,data/raw/pdf/2022-11_35913.pdf,https://www.bog.gov.gh/mpc_press_release/mpc-press-release-november-2022/,https://www.bog.gov.gh/wp-content/uploads/2022/11/MPC-Press-Release-November-2022-1.pdf,regular,primary,,,109,text_number,False,True,,109,109,,109,2022-11,21154,a910febb289a,data/raw/txt/2022-11_35913.txt,"Good morning, Ladies and Gentlemen of the Media and welcome to the press briefing after the 109th Monetary Policy Commit"
36538,MPC Press Release – January 2023,press_release,data/raw/pdf/2023-01_36538.pdf,https://www.bog.gov.gh/mpc_press_release/mpc-press-release-january-2023/,https://www.bog.gov.gh/wp-content/uploads/2023/01/MPC-Press-Release-January-2023-1.pdf,regular,primary,,,110,text_number,False,True,,110,110,,110,2023-01,19119,7bd4b0aa5d01,data/raw/txt/2023-01_36538.txt,"Good morning, Ladies and Gentlemen of the Media. The Monetary Policy Committee, last week, held its 110th meeting, the f"
37138,MPC Press Release – March 2023,press_release,data/raw/pdf/2023-03_37138.pdf,https://www.bog.gov.gh/mpc_press_release/mpc-press-release-march-2023/,https://www.bog.gov.gh/wp-content/uploads/2023/03/MPC-Press-Release-March-2023.pdf,regular,primary,,,111,text_number,False,True,,111,111,,111,2023-03,18497,d3bfc16f136b,data/raw/txt/2023-03_37138.txt,"Good morning, ladies and gentlemen of the media and welcome to the press briefing after the 111th Monetary Policy Commit"
37617,MPC Press Release – May 2023,press_release,data/raw/pdf/2023-05_37617.pdf,https://www.bog.gov.gh/mpc_press_release/mpc-press-release-may-2023/,https://www.bog.gov.gh/wp-content/uploads/2023/05/MPC-Press-Release-May-2023.pdf,regular,primary,,,112,text_number,False,True,,112,112,,112,2023-05,18964,4fe88f53857a,data/raw/txt/2023-05_37617.txt,"Good morning, Ladies and Gentlemen of the Media and welcome to the press briefing after the 112th Monetary Policy Commit"
38313,MPC Press Release – July 2023,press_release,data/raw/pdf/2023-07_38313.pdf,https://www.bog.gov.gh/mpc_press_release/mpc-press-release-july-2023/,https://www.bog.gov.gh/wp-content/uploads/2023/07/MPC-Press-Release-July-2023-240723.pdf,regular,primary,,,113,text_number,False,True,,113,113,,113,2023-07,20956,2097552ab984,data/raw/txt/2023-07_38313.txt,"Good morning, Ladies and Gentlemen of the Media and welcome to the press briefing for the 113th Monetary Policy Committe"
39045,MPC Press Release – September 2023,press_release,data/raw/pdf/2023-09_39045.pdf,https://www.bog.gov.gh/mpc_press_release/mpc-press-release-september-2023/,https://www.bog.gov.gh/wp-content/uploads/2023/09/MPC-Press-Release-September-2023.pdf,regular,primary,,,114,text_number,False,True,,114,114,,114,2023-09,17369,d708aa0425e2,data/raw/txt/2023-09_39045.txt,"Bank of Ghana Monetary Policy Committee Press Release th 25 September, 2023 Good morning, Ladies and Gentlemen of the Me"
40339,MPC Press Release – November 2023,press_release,data/raw/pdf/2023-11_40339.pdf,https://www.bog.gov.gh/mpc_press_release/mpc-press-release-november-2023/,https://www.bog.gov.gh/wp-content/uploads/2023/11/MPC-Press-Release-November-2023.pdf,regular,primary,,,115,text_number,False,True,,115,115,,115,2023-11,19609,617a0533d81f,data/raw/txt/2023-11_40339.txt,"Good morning, Ladies and Gentlemen of the Media and welcome to the press briefing for the 115th Monetary Policy Committe"
41136,MPC Press Release – January 2024,press_release,data/raw/pdf/2024-01_41136.pdf,https://www.bog.gov.gh/mpc_press_release/mpc-press-release-january-2024/,https://www.bog.gov.gh/wp-content/uploads/2024/01/MPC-Press-Release-January-2024.pdf,regular,primary,,,116,text_number,False,True,,116,116,,116,2024-01,16608,a7d0989ed25a,data/raw/txt/2024-01_41136.txt,"Good morning, Ladies and Gentlemen of the Media and welcome to the press briefing for the 116th Monetary Policy Committe"
41149,MPC Press Release – March 2024,press_release,data/raw/pdf/2024-03_41149.pdf,https://www.bog.gov.gh/mpc_press_release/mpc-press-release-march-2024/,https://www.bog.gov.gh/wp-content/uploads/2024/01/MPC-Press-Release-March-2024.pdf,regular,primary,,,117,text_number,False,True,,117,117,,117,2024-03,20021,13e915bd0bd9,data/raw/txt/2024-03_41149.txt,"PUBLIC Good morning, Ladies and Gentlemen of the Media and welcome to the press briefing for the 117th Monetary Policy C"
43039,MPC Press Release – May 2024,press_release,data/raw/pdf/2024-05_43039.pdf,https://www.bog.gov.gh/mpc_press_release/mpc-press-release-may-2024/,https://www.bog.gov.gh/wp-content/uploads/2024/05/MPC-Press-Release-May-2024.pdf,regular,primary,,,118,text_number,False,True,,118,118,,118,2024-05,18597,db27501a676b,data/raw/txt/2024-05_43039.txt,"PUBLIC Good morning, Ladies and Gentlemen of the Media and welcome to the press briefing for the 118th Monetary Policy C"
43894,MPC Press Release – July 2024,press_release,data/raw/pdf/2024-07_43894.pdf,https://www.bog.gov.gh/mpc_press_release/mpc-press-release-july-2024/,https://www.bog.gov.gh/wp-content/uploads/2024/07/MPC-Press-Release-July-2024-1.pdf,regular,primary,,,119,text_number,False,True,,119,119,,119,2024-07,14816,5c264aac173c,data/raw/txt/2024-07_43894.txt,"PUBLIC Good morning, Ladies and Gentlemen of the Media and welcome to the press briefing for the 119th Monetary Policy C"
44551,MPC Press Release – September 2024,press_release,data/raw/pdf/2024-09_44551.pdf,https://www.bog.gov.gh/mpc_press_release/mpc-press-release-september-2024/,https://www.bog.gov.gh/wp-content/uploads/2024/09/MPC-Press-Release-September-2024.pdf,regular,primary,,,120,text_number,False,True,,120,120,,120,2024-09,13716,4ce5de26df76,data/raw/txt/2024-09_44551.txt,"PUBLIC Good morning, Ladies and Gentlemen of the Media, and welcome to the press briefing for the 120th Monetary Policy "
45213,MPC Press Release – November 2024,press_release,data/raw/pdf/2024-11_45213.pdf,https://www.bog.gov.gh/mpc_press_release/mpc-press-release-november-2024/,https://www.bog.gov.gh/wp-content/uploads/2024/11/MPC-Press-Statement-November-2024-291124.pdf,regular,primary,,,121,title,False,True,,,121,,,2024-11,13058,39779d89824c,data/raw/txt/2024-11_45213.txt,"PPUUBBLLIICC Monetary Policy Committee Press Statement Press Statement No 121 Communique No 2024/6 November 29, 2024 The"
45870,MPC Press Release – January 2025,press_release,data/raw/pdf/2025-01_45870.pdf,https://www.bog.gov.gh/mpc_press_release/mpc-press-release-january-2025/,https://www.bog.gov.gh/wp-content/uploads/2025/01/MPC-Press-Statement-January-2025.pdf,regular,primary,,,122,text_number,False,True,,122,122,,122,2025-01,14257,da50fb9f5051,data/raw/txt/2025-01_45870.txt,"PUBLIC Good morning, ladies and gentlemen of the media and welcome to the press briefing for the 122nd Monetary Policy C"
46794,MPC Press Release – March 2025,press_release,data/raw/pdf/2025-03_46794.pdf,https://www.bog.gov.gh/mpc_press_release/mpc-press-release-march-2025/,https://www.bog.gov.gh/wp-content/uploads/2025/03/MPC-Press-Statement-March-2025-1.pdf,regular,primary,,,123,letterhead_date,False,True,123,123,123,2025-03-28,123,2025-03,12808,1cdbde0c5c72,data/raw/txt/2025-03_46794.txt,"PUBLIC BANK OF GHANA MONETARY POLICY COMMITTEE (MPC) PRESS RELEASE March 28, 2025 Good afternoon, ladies and gentlemen o"
47535,MPC Press Release – May 2025,press_release,data/raw/pdf/2025-05_47535.pdf,https://www.bog.gov.gh/mpc_press_release/mpc-press-release-may-2025/,https://www.bog.gov.gh/wp-content/uploads/2025/05/MPC-Press-Release-May-2025-1.pdf,regular,primary,,,124,letterhead_date,False,True,124,124,124,2025-05-23,124,2025-05,5985,5794f4383d43,data/raw/txt/2025-05_47535.txt,"PUBLIC BANK OF GHANA MONETARY POLICY COMMITTEE PRESS RELEASE May 23, 2025 Good afternoon, ladies and gentlemen of the pr"
48644,MPC Press Release – July 2025,press_release,data/raw/pdf/2025-07_48644.pdf,https://www.bog.gov.gh/mpc_press_release/mpc-press-release-july-2025/,https://www.bog.gov.gh/wp-content/uploads/2025/07/MPC-Press-Release-July-2025.pdf,regular,primary,,,125,letterhead_date,False,True,125,125,125,2025-07-30,125,2025-07,6859,ac4808dd5c52,data/raw/txt/2025-07_48644.txt,"PUBLIC BANK OF GHANA MONETARY POLICY COMMITTEE (MPC) PRESS RELEASE July 30, 2025 Good afternoon, ladies and gentlemen of"
49573,MPC Press Release – September 2025,press_release,data/raw/pdf/2025-09_49573.pdf,https://www.bog.gov.gh/mpc_press_release/mpc-press-release-september-2025/,https://www.bog.gov.gh/wp-content/uploads/2025/09/MPC-Press-Release-September-2025-.pdf,regular,primary,,,126,text_number,False,True,,126,126,,126,2025-09,8101,ec008b7631a2,data/raw/txt/2025-09_49573.txt,"PUBLIC BANK OF GHANA MONETARY POLICY COMMITTEE PRESS RELEASE 17 September 2025 Good afternoon, ladies and gentlemen of t"
50640,MPC Press Release – November 2025,press_release,data/raw/pdf/2025-11_50640.pdf,https://www.bog.gov.gh/mpc_press_release/mpc-press-release-november-2025/,https://www.bog.gov.gh/wp-content/uploads/2025/11/MPC-Press-Release-November-2025.pdf,regular,primary,,,127,text_number,False,True,,127,127,,127,2025-11,8014,d85c929215f1,data/raw/txt/2025-11_50640.txt,"BANK OF GHANA MONETARY POLICY COMMITTEE PRESS RELEASE 26 November 2025 Good afternoon, ladies and gentlemen of the press"
51631,MPC Press Release – January 2026,press_release,data/raw/pdf/2026-01_51631.pdf,https://www.bog.gov.gh/mpc_press_release/mpc-press-release-january-2026/,https://www.bog.gov.gh/wp-content/uploads/2026/01/MPC-Press-Release-January-2026-.pdf,regular,primary,,,128,text_number,False,True,,128,128,,128,2026-01,8130,f33b8e49063f,data/raw/txt/2026-01_51631.txt,PUBLIC BANK OF GHANA MONETARY POLICY COMMITTEE PRESS RELEASE 28 January 2026 The Monetary Policy Committee (MPC) held it
52472,MPC Press Release – March 2026,press_release,data/raw/pdf/2026-03_52472.pdf,https://www.bog.gov.gh/mpc_press_release/mpc-press-release-march-2026/,https://www.bog.gov.gh/wp-content/uploads/2026/03/MPC-Press-Release-March-2026-1-2.pdf,regular,primary,,,129,text_number,False,True,,129,129,,129,2026-03,7337,fe4f8d4639e5,data/raw/txt/2026-03_52472.txt,PUBLIC BANK OF GHANA MONETARY POLICY COMMITTEE PRESS RELEASE 18 March 2026 The Monetary Policy Committee (MPC) held its 
54283,MPC Press Release – May 2026,press_release,data/raw/pdf/2026-05_54283.pdf,https://www.bog.gov.gh/mpc_press_release/mpc-press-release-may-2026/,https://www.bog.gov.gh/wp-content/uploads/2026/05/MPC-Press-Release-May-2026-.pdf,regular,primary,,,130,text_number,False,True,,130,130,,130,2026-05,9199,3e1707d8aa9d,data/raw/txt/2026-05_54283.txt,PUBLIC BANK OF GHANA MONETARY POLICY COMMITTEE PRESS RELEASE 20 May 2026 The Monetary Policy Committee (MPC) held its 13
55265,MPC Press Release – July 2026,press_release,data/raw/pdf/2026-07_55265.pdf,https://www.bog.gov.gh/mpc_press_release/mpc-press-release-july-2026/,https://www.bog.gov.gh/wp-content/uploads/2026/07/MPC-Press-Release-July-2026-1.pdf,regular,primary,,,131,text_number,False,True,,131,131,,131,2026-07,9740,a34794d15349,data/raw/txt/2026-07_55265.txt,PUBLIC BANK OF GHANA MONETARY POLICY COMMITTEE PRESS RELEASE 22 July 2026 The Monetary Policy Committee (MPC) held its 1
56326,MPC Press Release – September 2026,press_release,data/raw/pdf/2026-09_56326.pdf,https://www.bog.gov.gh/mpc_press_release/mpc-press-release-september-2026/,https://www.bog.gov.gh/wp-content/uploads/2026/09/MPC-Press-Release-September-2026.pdf,regular,primary,,,132,text_number,False,True,,132,132,,132,2026-09,9647,e7ab6a7d18b0,data/raw/txt/2026-09_56326.txt,PUBLIC BANK OF GHANA MONETARY POLICY COMMITTEE PRESS RELEASE 24 September 2026 The Monetary Policy Committee (MPC) held 
