doc_id,meeting_no,meeting_type,date,n_scored,lexicon_net,model_net,model_net_hard
22407,2.0,regular,2003-01-24,39,-0.07692307692307693,-0.12158076923076923,-0.1282051282051282
22410,4.0,regular,2003-05-23,43,0.0,-0.022301162790697677,-0.023255813953488372
22413,6.0,regular,2003-10-10,45,-0.2,-0.21562133333333336,-0.2222222222222222
22404,7.0,regular,2003-12-12,44,-0.18181818181818182,-0.21956159090909091,-0.22727272727272727
22419,8.0,regular,2004-02-20,49,-0.08163265306122448,-0.1464361224489796,-0.16326530612244897
22422,9.0,regular,2004-05-20,54,-0.12962962962962962,-0.15510592592592592,-0.16666666666666666
22416,10.0,regular,2004-08-20,65,-0.09230769230769231,-0.10214476923076923,-0.12307692307692308
22425,11.0,regular,2004-11-12,70,-0.08571428571428572,-0.113462,-0.11428571428571428
22428,12.0,regular,2005-01-21,76,-0.19736842105263158,-0.2368525,-0.2631578947368421
22435,13.0,regular,2005-03-24,70,-0.08571428571428572,-0.1012667142857143,-0.1
22440,14.0,regular,2005-05-27,69,-0.08695652173913043,-0.09500826086956521,-0.10144927536231885
22432,15.0,regular,2005-07-22,66,-0.10606060606060606,-0.13255833333333333,-0.13636363636363635
22447,16.0,regular,2005-09-09,71,-0.23943661971830985,-0.2886956338028169,-0.28169014084507044
22443,17.0,regular,2005-11-25,67,-0.19402985074626866,-0.2634280597014925,-0.2835820895522388
22453,18.0,regular,2006-01-30,82,-0.12195121951219512,-0.16852329268292685,-0.18292682926829268
22459,20.0,regular,2006-05-19,86,-0.011627906976744186,-0.022956046511627904,-0.023255813953488372
22456,21.0,regular,2006-07-28,88,0.011363636363636364,-0.012881704545454547,-0.022727272727272728
22462,22.0,regular,2006-10-13,77,-0.09090909090909091,-0.11672155844155845,-0.1038961038961039
22450,23.0,regular,2006-12-15,86,-0.13953488372093023,-0.1500060465116279,-0.1511627906976744
22471,24.0,regular,2007-03-16,88,-0.07954545454545454,-0.1278705681818182,-0.125
22477,25.0,regular,2007-05-18,76,-0.05263157894736842,-0.054156842105263156,-0.05263157894736842
22465,26.0,regular,2007-08-24,82,-0.07317073170731707,-0.08597219512195121,-0.08536585365853659
22474,27.0,regular,2007-10-19,94,-0.0425531914893617,-0.06807861702127659,-0.07446808510638298
22481,28.0,regular,2008-01-25,100,-0.05,-0.053858199999999995,-0.06
22487,29.0,regular,2008-03-14,85,0.023529411764705882,0.03654988235294118,0.03529411764705882
22490,30.0,regular,2008-05-23,101,0.039603960396039604,0.03469841584158416,0.0297029702970297
22484,31.0,regular,2008-07-18,100,0.04,0.027956400000000003,0.02
22493,32.0,regular,2008-10-24,124,-0.07258064516129033,-0.09465854838709678,-0.10483870967741936
22496,33.0,regular,2009-02-23,143,0.006993006993006993,0.008239440559440559,0.006993006993006993
22499,34.0,regular,2009-05-08,107,-0.12149532710280374,-0.09264971962616822,-0.102803738317757
22468,35.0,regular,2009-07-17,126,-0.09523809523809523,-0.09469920634920635,-0.09523809523809523
22502,36.0,regular,2009-09-22,105,-0.11428571428571428,-0.14877333333333334,-0.14285714285714285
22505,37.0,regular,2009-11-18,114,-0.19298245614035087,-0.2146772807017544,-0.21929824561403508
22509,38.0,regular,2010-02-17,69,-0.13043478260869565,-0.1584182608695652,-0.15942028985507245
22643,39.0,regular,2010-04-14,107,-0.1588785046728972,-0.20515616822429905,-0.205607476635514
22515,40.0,regular,2010-07-16,107,-0.17757009345794392,-0.1968047663551402,-0.205607476635514
22521,41.0,regular,2010-09-17,78,-0.19230769230769232,-0.17870602564102564,-0.1794871794871795
22512,43.0,regular,2011-02-18,86,-0.10465116279069768,-0.09247267441860466,-0.10465116279069768
22518,44.0,regular,2011-05-13,93,-0.053763440860215055,-0.06140344086021505,-0.06451612903225806
22524,48.0,regular,2011-12-21,90,-0.06666666666666667,-0.13250355555555554,-0.14444444444444443
22571,51.0,regular,2012-06-13,107,-0.056074766355140186,-0.06402420560747665,-0.07476635514018691
22614,52.0,regular,2012-09-12,111,-0.05405405405405406,-0.1345955855855856,-0.17117117117117117
22530,54.0,regular,2013-02-13,131,-0.04580152671755725,-0.06526870229007634,-0.061068702290076333
22578,55.0,regular,2013-05-22,110,-0.045454545454545456,-0.05214645454545455,-0.06363636363636363
22554,56.0,regular,2013-07-31,99,-0.08080808080808081,-0.11576717171717173,-0.13131313131313133
22624,57.0,regular,2013-09-18,99,-0.09090909090909091,-0.1344091919191919,-0.13131313131313133
22541,59.0,emergency,2014-02-06,45,0.08888888888888889,0.10452977777777779,0.08888888888888889
22527,59.0,regular,2014-04-02,99,-0.020202020202020204,-0.042161919191919195,-0.04040404040404041
22557,60.0,regular,2014-07-09,109,-0.027522935779816515,-0.06943908256880733,-0.06422018348623854
22608,61.0,regular,2014-09-18,88,-0.056818181818181816,-0.09595477272727272,-0.11363636363636363
22595,62.0,regular,2014-11-12,88,-0.056818181818181816,-0.12300954545454545,-0.125
22535,63.0,regular,2015-02-18,84,-0.10714285714285714,-0.14747809523809524,-0.15476190476190477
22581,64.0,regular,2015-05-13,73,-0.0547945205479452,-0.05202369863013699,-0.0547945205479452
22560,65.0,regular,2015-07-15,34,0.029411764705882353,0.09078058823529411,0.08823529411764706
22631,66.0,regular,2015-09-14,31,0.12903225806451613,0.048180645161290316,0.03225806451612903
22598,67.0,regular,2015-11-16,27,-0.07407407407407407,-0.19713444444444445,-0.25925925925925924
22646,68.0,regular,2016-01-25,29,-0.1724137931034483,-0.21864827586206895,-0.2413793103448276
22649,69.0,regular,2016-03-21,32,-0.21875,-0.31519874999999997,-0.34375
22585,70.0,regular,2016-05-16,35,-0.22857142857142856,-0.30280828571428575,-0.2857142857142857
22568,71.0,regular,2016-07-18,30,-0.06666666666666667,-0.07594100000000001,-0.1
22611,72.0,regular,2016-09-19,38,-0.15789473684210525,-0.22858605263157897,-0.23684210526315788
22601,73.0,regular,2016-11-21,41,-0.2682926829268293,-0.29976341463414635,-0.3170731707317073
22544,74.0,regular,2017-01-23,35,-0.08571428571428572,-0.12579457142857142,-0.11428571428571428
22575,75.0,regular,2017-03-27,31,-0.22580645161290322,-0.17212032258064516,-0.16129032258064516
22589,76.0,regular,2017-05-22,50,-0.2,-0.18719840000000001,-0.2
22551,77.0,regular,2017-07-24,60,-0.2,-0.21814933333333333,-0.23333333333333334
22604,79.0,regular,2017-11-27,62,-0.27419354838709675,-0.2667267741935484,-0.27419354838709675
17209,80.0,regular,2018-01-19,70,-0.17142857142857143,-0.16643885714285714,-0.15714285714285714
17219,81.0,regular,2018-03-23,70,-0.24285714285714285,-0.2649858571428571,-0.2571428571428571
17227,82.0,regular,2018-05-18,79,-0.189873417721519,-0.24747303797468356,-0.25316455696202533
17233,83.0,regular,2018-07-20,76,-0.07894736842105263,-0.06324355263157895,-0.06578947368421052
17262,84.0,regular,2018-09-20,77,-0.012987012987012988,-0.05402259740259739,-0.05194805194805195
17273,85.0,regular,2018-11-23,92,-0.13043478260869565,-0.1287279347826087,-0.13043478260869565
17285,86.0,regular,2019-01-25,83,-0.1566265060240964,-0.2126333734939759,-0.24096385542168675
17305,87.0,regular,2019-03-29,98,-0.12244897959183673,-0.13384255102040815,-0.14285714285714285
17307,88.0,regular,2019-05-24,93,-0.08602150537634409,-0.06643516129032258,-0.11827956989247312
17315,89.0,regular,2019-07-18,88,-0.1590909090909091,-0.1548622727272727,-0.1590909090909091
18654,90.0,regular,2019-09-19,85,-0.18823529411764706,-0.06963705882352941,-0.07058823529411765
19512,91.0,regular,2019-11-22,115,-0.1391304347826087,-0.07944504347826087,-0.0782608695652174
20462,92.0,regular,2020-01-30,92,-0.17391304347826086,-0.11623043478260871,-0.10869565217391304
21241,93.0,regular,2020-03-18,38,-0.23684210526315788,-0.24162736842105262,-0.23684210526315788
22716,94.0,regular,2020-05-15,68,-0.08823529411764706,-0.09753867647058823,-0.10294117647058823
25062,95.0,regular,2020-07-24,107,-0.16822429906542055,-0.1707481308411215,-0.17757009345794392
26157,96.0,regular,2020-09-25,101,-0.12871287128712872,-0.2274349504950495,-0.2376237623762376
26831,97.0,regular,2020-11-20,97,-0.1134020618556701,-0.2001384536082474,-0.21649484536082475
28020,99.0,regular,2021-03-19,99,-0.09090909090909091,-0.1802592929292929,-0.1919191919191919
28784,100.0,regular,2021-05-28,100,-0.13,-0.1697588,-0.18
29567,101.0,regular,2021-07-23,110,-0.11818181818181818,-0.19018009090909088,-0.21818181818181817
30280,102.0,regular,2021-09-24,127,0.015748031496062992,-0.08841834645669291,-0.08661417322834646
31087,103.0,regular,2021-11-19,119,0.13445378151260504,0.10566932773109244,0.13445378151260504
31925,104.0,regular,2022-01-28,115,0.06956521739130435,-0.021963217391304343,-0.017391304347826087
32459,105.0,regular,2022-03-18,134,0.014925373134328358,-0.003044552238805969,0.007462686567164179
33453,106.0,regular,2022-05-20,116,0.06896551724137931,0.04666836206896551,0.06896551724137931
34434,107.0,regular,2022-07-22,121,-0.024793388429752067,-0.08748099173553718,-0.08264462809917356
34742,107.0,emergency,2022-08-17,29,0.3448275862068966,0.20507689655172415,0.20689655172413793
35353,108.0,regular,2022-09-23,95,0.031578947368421054,-0.018863473684210524,-0.021052631578947368
35913,109.0,regular,2022-11-25,125,0.128,0.009871999999999999,0.008
36538,110.0,regular,2023-01-25,116,-0.05172413793103448,-0.1558098275862069,-0.20689655172413793
37138,111.0,regular,2023-03-24,103,-0.18446601941747573,-0.28218048543689317,-0.27184466019417475
37617,112.0,regular,2023-05-19,116,-0.33620689655172414,-0.29471112068965516,-0.3103448275862069
38313,113.0,regular,2023-07-21,129,-0.12403100775193798,-0.14051728682170542,-0.13178294573643412
39045,114.0,regular,2023-09-22,100,-0.22,-0.2993338,-0.28
40339,115.0,regular,2023-11-24,123,-0.3089430894308943,-0.40821,-0.42276422764227645
41136,116.0,regular,2024-01-26,101,-0.24752475247524752,-0.3796266336633663,-0.3564356435643564
41149,117.0,regular,2024-03-22,140,-0.15,-0.2220349285714286,-0.22857142857142856
43039,118.0,regular,2024-05-24,118,-0.1271186440677966,-0.19840186440677965,-0.2033898305084746
43894,119.0,regular,2024-07-26,100,-0.15,-0.23467929999999998,-0.24
44551,120.0,regular,2024-09-27,92,-0.3695652173913043,-0.3914569565217391,-0.40217391304347827
45213,121.0,regular,2024-11-29,75,-0.25333333333333335,-0.22622146666666665,-0.21333333333333335
45870,122.0,regular,2025-01-24,89,-0.1797752808988764,-0.18721224719101123,-0.1797752808988764
46794,123.0,regular,2025-03-26,90,-0.12222222222222222,-0.18802422222222223,-0.18888888888888888
47535,124.0,regular,2025-05-23,34,-0.35294117647058826,-0.3637173529411765,-0.38235294117647056
48471,,emergency,2025-07-18,17,-0.35294117647058826,-0.3461441176470588,-0.35294117647058826
48644,125.0,regular,2025-07-30,39,-0.358974358974359,-0.4065864102564103,-0.41025641025641024
49573,126.0,regular,2025-09-17,51,-0.3333333333333333,-0.38527647058823533,-0.39215686274509803
50640,127.0,regular,2025-11-26,55,-0.32727272727272727,-0.30547254545454544,-0.2909090909090909
51631,128.0,regular,2026-01-28,57,-0.22807017543859648,-0.3232054385964912,-0.3508771929824561
52472,129.0,regular,2026-03-18,49,-0.24489795918367346,-0.19107612244897956,-0.1836734693877551
54283,130.0,regular,2026-05-20,59,-0.1016949152542373,-0.04521864406779662,-0.01694915254237288
55265,131.0,regular,2026-07-22,66,0.030303030303030304,0.05503015151515152,0.045454545454545456
56326,132.0,regular,2026-09-24,60,-0.08333333333333333,0.0065623333333333315,-0.016666666666666666
