gold_id,sentence_id,doc_id,meeting_no,era,draw,split,weak_tone,weak_topic
G001,20462-072,20462,92.0,2017-2021,stratified,test,neutral,financial
G002,22474-020,22474,27.0,2002-2009,random,test,neutral,financial
G003,22484-053,22484,31.0,2002-2009,stratified,dev,hawkish,financial
G004,43039-059,43039,118.0,2022-2026,random,test,neutral,financial
G005,34434-024,34434,107.0,2022-2026,random,test,dovish,financial
G006,17305-086,17305,87.0,2017-2021,random,test,neutral,external
G007,22554-072,22554,56.0,2010-2016,random,test,neutral,external
G008,31925-002,31925,104.0,2022-2026,stratified,test,neutral,global
G009,44551-069,44551,120.0,2022-2026,stratified,dev,dovish,external
G010,35913-001,35913,109.0,2022-2026,stratified,dev,neutral,other
G011,22490-059,22490,30.0,2002-2009,random,dev,neutral,financial
G012,22515-001,22515,40.0,2010-2016,stratified,test,neutral,other
G013,22601-038,22601,73.0,2010-2016,random,test,neutral,growth
G014,22646-025,22646,68.0,2010-2016,stratified,dev,hawkish,policy
G015,22595-043,22595,62.0,2010-2016,random,test,neutral,financial
G016,39045-035,39045,114.0,2022-2026,random,dev,neutral,growth
G017,39045-011,39045,114.0,2022-2026,stratified,test,hawkish,inflation
G018,31925-115,31925,104.0,2022-2026,random,test,hawkish,policy
G019,18654-035,18654,90.0,2017-2021,random,test,hawkish,external
G020,22404-012,22404,7.0,2002-2009,stratified,test,dovish,fiscal
G021,41149-001,41149,117.0,2022-2026,random,test,neutral,other
G022,22435-031,22435,13.0,2002-2009,random,test,dovish,external
G023,22614-024,22614,52.0,2010-2016,stratified,test,hawkish,growth
G024,22530-127,22530,54.0,2010-2016,stratified,test,hawkish,inflation
G025,43039-100,43039,118.0,2022-2026,stratified,test,hawkish,external
G026,22484-015,22484,31.0,2002-2009,random,dev,neutral,growth
G027,43039-036,43039,118.0,2022-2026,random,dev,neutral,fiscal
G028,22490-006,22490,30.0,2002-2009,stratified,dev,dovish,growth
G029,22499-107,22499,34.0,2002-2009,stratified,test,dovish,global
G030,35353-006,35353,108.0,2022-2026,stratified,test,dovish,growth
G031,22487-025,22487,29.0,2002-2009,stratified,test,neutral,global
G032,22456-009,22456,21.0,2002-2009,stratified,test,neutral,growth
G033,22490-033,22490,30.0,2002-2009,stratified,test,dovish,financial
G034,22604-031,22604,79.0,2017-2021,stratified,test,neutral,growth
G035,22571-017,22571,51.0,2010-2016,random,dev,hawkish,inflation
G036,22557-012,22557,60.0,2010-2016,stratified,test,hawkish,inflation
G037,22624-015,22624,57.0,2010-2016,random,test,neutral,inflation
G038,21241-039,21241,93.0,2017-2021,stratified,dev,hawkish,(none)
G039,17219-010,17219,81.0,2017-2021,stratified,dev,neutral,global
G040,22496-001,22496,33.0,2002-2009,stratified,test,neutral,other
G041,31087-117,31087,103.0,2017-2021,random,dev,hawkish,inflation
G042,22604-013,22604,79.0,2017-2021,random,test,dovish,external
G043,22515-093,22515,40.0,2010-2016,stratified,test,hawkish,(none)
G044,22447-067,22447,16.0,2002-2009,stratified,test,dovish,growth
G045,33453-072,33453,106.0,2022-2026,stratified,test,neutral,financial
G046,17227-041,17227,82.0,2017-2021,stratified,test,dovish,inflation
G047,47535-004,47535,124.0,2022-2026,stratified,test,dovish,global
G048,25062-080,25062,95.0,2017-2021,random,dev,neutral,growth
G049,33453-086,33453,106.0,2022-2026,random,dev,neutral,external
G050,31925-108,31925,104.0,2022-2026,stratified,test,neutral,inflation
G051,22643-004,22643,39.0,2010-2016,stratified,test,neutral,growth
G052,45213-062,45213,121.0,2022-2026,stratified,test,neutral,(none)
G053,22611-004,22611,72.0,2010-2016,random,dev,dovish,inflation
G054,22404-006,22404,7.0,2002-2009,stratified,test,hawkish,financial
G055,22551-004,22551,77.0,2017-2021,stratified,dev,neutral,global
G056,43039-038,43039,118.0,2022-2026,stratified,test,hawkish,financial
G057,31925-097,31925,104.0,2022-2026,random,test,neutral,(none)
G058,17219-046,17219,81.0,2017-2021,random,test,neutral,fiscal
G059,46794-042,46794,123.0,2022-2026,random,test,neutral,fiscal
G060,22524-024,22524,48.0,2010-2016,stratified,test,hawkish,growth
G061,22404-003,22404,7.0,2002-2009,random,test,dovish,fiscal
G062,20462-033,20462,92.0,2017-2021,random,test,neutral,financial
G063,35913-106,35913,109.0,2022-2026,stratified,dev,hawkish,fiscal
G064,37617-022,37617,112.0,2022-2026,stratified,dev,dovish,financial
G065,51631-001,51631,128.0,2022-2026,stratified,test,neutral,inflation
G066,55265-006,55265,131.0,2022-2026,stratified,test,neutral,global
G067,22413-027,22413,6.0,2002-2009,stratified,test,dovish,external
G068,43039-117,43039,118.0,2022-2026,stratified,test,hawkish,inflation
G069,41136-020,41136,116.0,2022-2026,stratified,test,dovish,growth
G070,35913-007,35913,109.0,2022-2026,stratified,test,neutral,global
G071,20462-025,20462,92.0,2017-2021,random,test,neutral,growth
G072,56326-026,56326,132.0,2022-2026,random,test,neutral,policy
G073,25062-020,25062,95.0,2017-2021,stratified,dev,neutral,inflation
G074,45870-075,45870,122.0,2022-2026,stratified,test,neutral,growth
G075,22571-036,22571,51.0,2010-2016,random,test,neutral,growth
G076,38313-024,38313,113.0,2022-2026,random,test,hawkish,inflation
G077,22468-091,22468,35.0,2002-2009,stratified,test,neutral,financial
G078,44551-054,44551,120.0,2022-2026,stratified,test,neutral,financial
G079,22608-072,22608,61.0,2010-2016,stratified,test,hawkish,external
G080,22487-033,22487,29.0,2002-2009,random,test,neutral,external
G081,55265-059,55265,131.0,2022-2026,random,test,neutral,policy
G082,22487-024,22487,29.0,2002-2009,random,test,hawkish,external
G083,17273-084,17273,85.0,2017-2021,stratified,test,hawkish,other
G084,26831-004,26831,97.0,2017-2021,random,dev,neutral,global
G085,22462-048,22462,22.0,2002-2009,random,test,neutral,financial
G086,22505-114,22505,37.0,2002-2009,stratified,dev,dovish,policy
G087,28784-068,28784,100.0,2017-2021,stratified,test,hawkish,growth
G088,39045-082,39045,114.0,2022-2026,random,dev,neutral,(none)
G089,22462-045,22462,22.0,2002-2009,random,dev,neutral,financial
G090,17233-039,17233,83.0,2017-2021,random,test,hawkish,inflation
G091,22518-071,22518,44.0,2010-2016,stratified,dev,dovish,external
G092,22499-102,22499,34.0,2002-2009,stratified,test,hawkish,inflation
G093,22505-059,22505,37.0,2002-2009,random,test,neutral,financial
G094,38313-043,38313,113.0,2022-2026,random,test,neutral,financial
G095,43039-065,43039,118.0,2022-2026,random,test,dovish,growth
G096,26157-007,26157,96.0,2017-2021,stratified,test,dovish,(none)
G097,43894-025,43894,119.0,2022-2026,stratified,dev,dovish,inflation
G098,54283-053,54283,130.0,2022-2026,random,test,neutral,inflation
G099,22571-040,22571,51.0,2010-2016,stratified,test,dovish,financial
G100,17209-003,17209,80.0,2017-2021,stratified,test,dovish,global
G101,30280-030,30280,102.0,2017-2021,stratified,dev,dovish,growth
G102,30280-121,30280,102.0,2017-2021,stratified,test,neutral,fiscal
G103,22447-011,22447,16.0,2002-2009,random,test,neutral,fiscal
G104,40339-096,40339,115.0,2022-2026,random,test,dovish,fiscal
G105,22440-067,22440,14.0,2002-2009,stratified,test,dovish,(none)
G106,43039-009,43039,118.0,2022-2026,stratified,test,hawkish,global
G107,22447-071,22447,16.0,2002-2009,stratified,test,neutral,inflation
G108,22554-018,22554,56.0,2010-2016,random,test,hawkish,inflation
G109,22410-018,22410,4.0,2002-2009,random,test,neutral,(none)
G110,47535-025,47535,124.0,2022-2026,stratified,test,dovish,policy
G111,26831-093,26831,97.0,2017-2021,stratified,test,hawkish,policy
G112,22496-118,22496,33.0,2002-2009,stratified,dev,hawkish,external
G113,22624-078,22624,57.0,2010-2016,stratified,test,neutral,external
G114,32459-124,32459,105.0,2022-2026,random,dev,hawkish,inflation
G115,37617-093,37617,112.0,2022-2026,stratified,test,dovish,(none)
G116,17307-077,17307,88.0,2017-2021,stratified,test,hawkish,inflation
G117,22468-032,22468,35.0,2002-2009,stratified,test,neutral,external
G118,22515-063,22515,40.0,2010-2016,stratified,dev,neutral,(none)
G119,22425-010,22425,11.0,2002-2009,random,test,neutral,growth
G120,31925-099,31925,104.0,2022-2026,stratified,test,hawkish,growth
G121,22518-091,22518,44.0,2010-2016,stratified,test,neutral,inflation
G122,45213-015,45213,121.0,2022-2026,stratified,test,dovish,financial
G123,35353-081,35353,108.0,2022-2026,stratified,dev,neutral,external
G124,22443-036,22443,17.0,2002-2009,stratified,test,neutral,fiscal
G125,38313-089,38313,113.0,2022-2026,stratified,test,dovish,external
G126,47535-020,47535,124.0,2022-2026,random,test,dovish,external
G127,17209-068,17209,80.0,2017-2021,random,test,neutral,growth
G128,22484-043,22484,31.0,2002-2009,stratified,dev,neutral,fiscal
G129,55265-053,55265,131.0,2022-2026,stratified,test,hawkish,external
G130,22404-038,22404,7.0,2002-2009,stratified,dev,dovish,global
G131,22447-028,22447,16.0,2002-2009,random,dev,neutral,financial
G132,46794-018,46794,123.0,2022-2026,random,dev,dovish,growth
G133,22614-104,22614,52.0,2010-2016,stratified,dev,hawkish,external
G134,22575-002,22575,75.0,2017-2021,random,test,neutral,policy
G135,26831-079,26831,97.0,2017-2021,stratified,dev,hawkish,external
G136,26157-074,26157,96.0,2017-2021,stratified,dev,dovish,external
G137,22456-042,22456,21.0,2002-2009,stratified,test,hawkish,external
G138,56326-021,56326,132.0,2022-2026,stratified,dev,dovish,inflation
G139,22557-046,22557,60.0,2010-2016,stratified,test,dovish,financial
G140,22578-043,22578,55.0,2010-2016,random,test,dovish,growth
G141,22462-022,22462,22.0,2002-2009,random,test,neutral,external
G142,22608-079,22608,61.0,2010-2016,stratified,dev,neutral,financial
G143,22487-078,22487,29.0,2002-2009,random,test,neutral,growth
G144,17219-030,17219,81.0,2017-2021,stratified,test,neutral,(none)
G145,22474-075,22474,27.0,2002-2009,random,test,neutral,financial
G146,50640-053,50640,127.0,2022-2026,stratified,test,dovish,financial
G147,35913-084,35913,109.0,2022-2026,stratified,dev,hawkish,fiscal
G148,22416-057,22416,10.0,2002-2009,stratified,test,dovish,global
G149,18654-080,18654,90.0,2017-2021,stratified,dev,hawkish,(none)
G150,22477-071,22477,25.0,2002-2009,random,test,neutral,inflation
G151,22589-013,22589,76.0,2017-2021,random,test,neutral,growth
G152,33453-071,33453,106.0,2022-2026,random,test,neutral,policy
G153,22515-029,22515,40.0,2010-2016,random,test,neutral,fiscal
G154,47535-001,47535,124.0,2022-2026,stratified,test,neutral,other
G155,43894-078,43894,119.0,2022-2026,stratified,test,hawkish,external
G156,22649-011,22649,69.0,2010-2016,stratified,test,hawkish,financial
G157,40339-081,40339,115.0,2022-2026,stratified,test,dovish,external
G158,28784-030,28784,100.0,2017-2021,stratified,test,hawkish,inflation
G159,22496-038,22496,33.0,2002-2009,stratified,dev,dovish,financial
G160,43894-044,43894,119.0,2022-2026,stratified,dev,neutral,financial
G161,48471-017,48471,,2022-2026,stratified,test,dovish,(none)
G162,35913-078,35913,109.0,2022-2026,stratified,test,neutral,fiscal
G163,17233-025,17233,83.0,2017-2021,stratified,test,dovish,global
G164,38313-108,38313,113.0,2022-2026,random,test,dovish,financial
G165,22428-071,22428,12.0,2002-2009,random,test,neutral,inflation
G166,22541-025,22541,59.0,2010-2016,random,test,neutral,external
G167,22435-021,22435,13.0,2002-2009,stratified,test,neutral,financial
G168,46794-041,46794,123.0,2022-2026,stratified,dev,dovish,fiscal
G169,17285-027,17285,86.0,2017-2021,stratified,test,hawkish,global
G170,22643-108,22643,39.0,2010-2016,stratified,test,neutral,financial
G171,22471-057,22471,24.0,2002-2009,stratified,dev,hawkish,financial
G172,22535-011,22535,63.0,2010-2016,stratified,dev,dovish,global
G173,36538-065,36538,110.0,2022-2026,stratified,test,neutral,fiscal
G174,49573-035,49573,126.0,2022-2026,random,test,dovish,financial
G175,17273-051,17273,85.0,2017-2021,stratified,test,hawkish,growth
G176,43894-075,43894,119.0,2022-2026,random,dev,dovish,external
G177,22624-086,22624,57.0,2010-2016,stratified,test,neutral,global
G178,28020-072,28020,99.0,2017-2021,random,test,neutral,external
G179,51631-039,51631,128.0,2022-2026,random,test,neutral,policy
G180,35353-055,35353,108.0,2022-2026,random,test,hawkish,inflation
G181,22468-054,22468,35.0,2002-2009,random,test,neutral,(none)
G182,22404-024,22404,7.0,2002-2009,random,test,neutral,financial
G183,22518-072,22518,44.0,2010-2016,stratified,dev,dovish,external
G184,17273-040,17273,85.0,2017-2021,random,test,neutral,(none)
G185,41136-022,41136,116.0,2022-2026,stratified,test,neutral,growth
G186,22557-003,22557,60.0,2010-2016,random,test,neutral,policy
G187,41149-078,41149,117.0,2022-2026,random,dev,neutral,external
G188,22527-099,22527,59.0,2010-2016,stratified,test,hawkish,policy
G189,38313-097,38313,113.0,2022-2026,stratified,dev,hawkish,external
G190,22608-025,22608,61.0,2010-2016,stratified,test,hawkish,fiscal
G191,34434-008,34434,107.0,2022-2026,stratified,dev,hawkish,policy
G192,22631-020,22631,66.0,2010-2016,stratified,test,dovish,growth
G193,22493-096,22493,32.0,2002-2009,stratified,dev,neutral,policy
G194,22456-080,22456,21.0,2002-2009,stratified,test,hawkish,fiscal
G195,31925-008,31925,104.0,2022-2026,stratified,dev,hawkish,inflation
G196,22521-034,22521,41.0,2010-2016,random,test,neutral,financial
G197,22521-021,22521,41.0,2010-2016,stratified,test,dovish,policy
G198,22515-004,22515,40.0,2010-2016,stratified,dev,neutral,global
G199,22585-021,22585,70.0,2010-2016,stratified,test,neutral,growth
G200,40339-035,40339,115.0,2022-2026,random,test,neutral,fiscal
G201,34434-061,34434,107.0,2022-2026,stratified,dev,neutral,fiscal
G202,39045-020,39045,114.0,2022-2026,random,test,neutral,growth
G203,30280-031,30280,102.0,2017-2021,random,test,dovish,policy
G204,17305-019,17305,87.0,2017-2021,stratified,test,neutral,growth
G205,22440-055,22440,14.0,2002-2009,random,test,neutral,external
G206,25062-045,25062,95.0,2017-2021,random,test,neutral,financial
G207,17209-033,17209,80.0,2017-2021,stratified,dev,dovish,policy
G208,26157-062,26157,96.0,2017-2021,stratified,test,hawkish,financial
G209,35913-081,35913,109.0,2022-2026,random,dev,neutral,external
G210,40339-027,40339,115.0,2022-2026,stratified,test,dovish,policy
G211,22450-036,22450,23.0,2002-2009,stratified,test,neutral,(none)
G212,22512-044,22512,43.0,2010-2016,random,test,neutral,financial
G213,22530-112,22530,54.0,2010-2016,random,dev,neutral,(none)
G214,40339-093,40339,115.0,2022-2026,random,test,neutral,financial
G215,22443-008,22443,17.0,2002-2009,stratified,dev,dovish,growth
G216,22527-052,22527,59.0,2010-2016,stratified,test,neutral,fiscal
G217,40339-122,40339,115.0,2022-2026,stratified,test,neutral,other
G218,22527-091,22527,59.0,2010-2016,random,test,neutral,growth
G219,22468-019,22468,35.0,2002-2009,stratified,test,hawkish,(none)
G220,22649-005,22649,69.0,2010-2016,random,test,hawkish,inflation
G221,54283-047,54283,130.0,2022-2026,stratified,test,dovish,global
G222,37617-004,37617,112.0,2022-2026,random,test,dovish,global
G223,22487-084,22487,29.0,2002-2009,stratified,test,dovish,policy
G224,41149-110,41149,117.0,2022-2026,random,test,neutral,growth
G225,34434-105,34434,107.0,2022-2026,random,dev,neutral,fiscal
G226,31087-107,31087,103.0,2017-2021,stratified,test,dovish,financial
G227,22484-003,22484,31.0,2002-2009,stratified,test,neutral,global
G228,34434-005,34434,107.0,2022-2026,stratified,test,neutral,inflation
G229,22589-032,22589,76.0,2017-2021,stratified,test,dovish,fiscal
G230,22410-006,22410,4.0,2002-2009,stratified,test,hawkish,inflation
G231,22530-071,22530,54.0,2010-2016,random,test,neutral,growth
G232,30280-049,30280,102.0,2017-2021,stratified,test,dovish,financial
G233,17315-043,17315,89.0,2017-2021,random,test,neutral,fiscal
G234,25062-064,25062,95.0,2017-2021,stratified,test,dovish,external
G235,32459-040,32459,105.0,2022-2026,random,test,neutral,growth
G236,22447-010,22447,16.0,2002-2009,stratified,test,hawkish,fiscal
G237,17227-040,17227,82.0,2017-2021,random,test,dovish,inflation
G238,22646-024,22646,68.0,2010-2016,random,test,hawkish,external
G239,22624-047,22624,57.0,2010-2016,stratified,dev,dovish,growth
G240,22624-083,22624,57.0,2010-2016,stratified,test,dovish,external
G241,22611-031,22611,72.0,2010-2016,stratified,dev,dovish,(none)
G242,22515-097,22515,40.0,2010-2016,stratified,test,neutral,fiscal
G243,22477-072,22477,25.0,2002-2009,stratified,test,dovish,inflation
G244,22595-001,22595,62.0,2010-2016,stratified,dev,neutral,other
G245,22624-008,22624,57.0,2010-2016,stratified,test,hawkish,global
G246,26831-070,26831,97.0,2017-2021,random,dev,neutral,external
G247,20462-059,20462,92.0,2017-2021,stratified,test,neutral,fiscal
G248,41136-039,41136,116.0,2022-2026,stratified,test,neutral,growth
G249,31925-036,31925,104.0,2022-2026,stratified,dev,dovish,financial
G250,22585-016,22585,70.0,2010-2016,stratified,test,hawkish,(none)
G251,22557-006,22557,60.0,2010-2016,random,dev,neutral,global
G252,33453-106,33453,106.0,2022-2026,stratified,test,hawkish,policy
G253,40339-053,40339,115.0,2022-2026,stratified,test,hawkish,financial
G254,51631-044,51631,128.0,2022-2026,stratified,test,dovish,external
G255,29567-057,29567,101.0,2017-2021,stratified,test,dovish,inflation
G256,22649-013,22649,69.0,2010-2016,stratified,test,dovish,inflation
G257,39045-055,39045,114.0,2022-2026,stratified,test,neutral,external
G258,45870-055,45870,122.0,2022-2026,stratified,test,neutral,external
G259,32459-111,32459,105.0,2022-2026,stratified,dev,dovish,growth
G260,22551-051,22551,77.0,2017-2021,random,test,dovish,external
G261,22598-018,22598,67.0,2010-2016,stratified,test,dovish,policy
G262,22614-013,22614,52.0,2010-2016,stratified,test,hawkish,global
G263,22468-124,22468,35.0,2002-2009,stratified,test,hawkish,global
G264,33453-103,33453,106.0,2022-2026,random,dev,neutral,external
G265,22631-017,22631,66.0,2010-2016,stratified,test,neutral,policy
G266,19512-052,19512,91.0,2017-2021,stratified,test,hawkish,fiscal
G267,22422-030,22422,9.0,2002-2009,random,test,neutral,external
G268,17227-032,17227,82.0,2017-2021,stratified,test,neutral,external
G269,48644-030,48644,125.0,2022-2026,random,test,neutral,external
G270,22471-035,22471,24.0,2002-2009,stratified,test,neutral,external
G271,17285-007,17285,86.0,2017-2021,random,dev,neutral,global
G272,22527-001,22527,59.0,2010-2016,random,dev,neutral,other
G273,22614-069,22614,52.0,2010-2016,random,test,neutral,policy
G274,22611-036,22611,72.0,2010-2016,stratified,test,dovish,fiscal
G275,22585-005,22585,70.0,2010-2016,random,dev,hawkish,inflation
G276,41136-070,41136,116.0,2022-2026,random,test,neutral,external
G277,22524-088,22524,48.0,2010-2016,random,test,hawkish,external
G278,54283-015,54283,130.0,2022-2026,stratified,test,dovish,growth
G279,32459-027,32459,105.0,2022-2026,stratified,test,hawkish,growth
G280,22527-084,22527,59.0,2010-2016,random,test,neutral,(none)
G281,33453-007,33453,106.0,2022-2026,random,test,hawkish,global
G282,41136-038,41136,116.0,2022-2026,random,test,dovish,growth
G283,49573-032,49573,126.0,2022-2026,stratified,dev,dovish,fiscal
G284,22530-004,22530,54.0,2010-2016,random,test,neutral,financial
G285,22425-041,22425,11.0,2002-2009,random,test,neutral,financial
G286,37617-078,37617,112.0,2022-2026,random,test,dovish,external
G287,22440-032,22440,14.0,2002-2009,stratified,test,hawkish,external
G288,22512-014,22512,43.0,2010-2016,stratified,test,dovish,inflation
G289,22481-040,22481,28.0,2002-2009,stratified,test,dovish,financial
G290,38313-051,38313,113.0,2022-2026,random,test,neutral,policy
G291,22614-080,22614,52.0,2010-2016,random,test,neutral,fiscal
G292,17285-053,17285,86.0,2017-2021,stratified,test,neutral,policy
G293,22407-032,22407,2.0,2002-2009,stratified,test,dovish,external
G294,41149-079,41149,117.0,2022-2026,stratified,dev,neutral,(none)
G295,17209-066,17209,80.0,2017-2021,stratified,dev,dovish,fiscal
G296,22515-035,22515,40.0,2010-2016,stratified,dev,neutral,(none)
G297,22410-032,22410,4.0,2002-2009,random,dev,neutral,financial
G298,17209-069,17209,80.0,2017-2021,stratified,test,neutral,(none)
G299,22474-057,22474,27.0,2002-2009,random,dev,neutral,external
G300,41136-060,41136,116.0,2022-2026,stratified,test,neutral,financial
G301,22468-011,22468,35.0,2002-2009,random,test,neutral,policy
G302,22604-037,22604,79.0,2017-2021,stratified,test,hawkish,fiscal
G303,22453-049,22453,18.0,2002-2009,stratified,test,hawkish,fiscal
G304,22527-010,22527,59.0,2010-2016,stratified,test,dovish,global
G305,22499-009,22499,34.0,2002-2009,stratified,test,dovish,inflation
G306,34434-067,34434,107.0,2022-2026,stratified,dev,neutral,policy
G307,22557-065,22557,60.0,2010-2016,stratified,test,dovish,fiscal
G308,51631-046,51631,128.0,2022-2026,random,test,neutral,external
G309,44551-062,44551,120.0,2022-2026,stratified,dev,dovish,external
G310,33453-003,33453,106.0,2022-2026,stratified,test,neutral,(none)
G311,41149-090,41149,117.0,2022-2026,stratified,test,hawkish,global
G312,55265-067,55265,131.0,2022-2026,stratified,test,neutral,policy
G313,22535-057,22535,63.0,2010-2016,random,dev,neutral,fiscal
G314,54283-004,54283,130.0,2022-2026,stratified,test,hawkish,(none)
G315,28784-099,28784,100.0,2017-2021,random,dev,dovish,inflation
G316,22581-024,22581,64.0,2010-2016,random,test,dovish,growth
G317,22601-005,22601,73.0,2010-2016,random,test,dovish,inflation
G318,22419-012,22419,8.0,2002-2009,stratified,test,neutral,(none)
G319,46794-061,46794,123.0,2022-2026,random,test,neutral,global
G320,17307-028,17307,88.0,2017-2021,stratified,test,dovish,external
G321,22496-121,22496,33.0,2002-2009,random,test,neutral,external
G322,35913-091,35913,109.0,2022-2026,stratified,test,hawkish,global
G323,22490-001,22490,30.0,2002-2009,stratified,dev,neutral,other
G324,17233-029,17233,83.0,2017-2021,stratified,test,dovish,growth
G325,22465-004,22465,26.0,2002-2009,stratified,test,dovish,inflation
G326,19512-020,19512,91.0,2017-2021,random,test,neutral,growth
G327,22435-066,22435,13.0,2002-2009,stratified,test,hawkish,(none)
G328,21241-031,21241,93.0,2017-2021,stratified,test,dovish,policy
G329,37617-113,37617,112.0,2022-2026,stratified,dev,dovish,inflation
G330,37138-086,37138,111.0,2022-2026,stratified,test,hawkish,growth
G331,22541-036,22541,59.0,2010-2016,stratified,test,dovish,fiscal
G332,37617-095,37617,112.0,2022-2026,stratified,test,dovish,fiscal
G333,22474-003,22474,27.0,2002-2009,stratified,dev,hawkish,growth
G334,22471-080,22471,24.0,2002-2009,stratified,test,neutral,inflation
G335,22527-014,22527,59.0,2010-2016,stratified,test,hawkish,external
G336,44551-039,44551,120.0,2022-2026,stratified,test,neutral,(none)
G337,22568-016,22568,71.0,2010-2016,stratified,test,hawkish,(none)
G338,22496-004,22496,33.0,2002-2009,stratified,test,hawkish,global
G339,22468-009,22468,35.0,2002-2009,stratified,dev,neutral,policy
G340,49573-048,49573,126.0,2022-2026,stratified,test,dovish,policy
G341,22512-010,22512,43.0,2010-2016,random,test,neutral,global
G342,22428-026,22428,12.0,2002-2009,random,test,neutral,fiscal
G343,28020-044,28020,99.0,2017-2021,random,test,neutral,financial
G344,22643-011,22643,39.0,2010-2016,random,test,dovish,inflation
G345,41136-006,41136,116.0,2022-2026,random,dev,neutral,global
G346,43894-027,43894,119.0,2022-2026,random,dev,neutral,fiscal
G347,41149-116,41149,117.0,2022-2026,random,test,neutral,growth
G348,19512-048,19512,91.0,2017-2021,stratified,test,hawkish,external
G349,22554-031,22554,56.0,2010-2016,stratified,dev,hawkish,fiscal
G350,17315-037,17315,89.0,2017-2021,random,test,hawkish,external
G351,22604-029,22604,79.0,2017-2021,stratified,test,neutral,financial
G352,22471-047,22471,24.0,2002-2009,random,dev,neutral,external
G353,17307-015,17307,88.0,2017-2021,random,test,neutral,growth
G354,22456-004,22456,21.0,2002-2009,stratified,test,hawkish,other
G355,17273-001,17273,85.0,2017-2021,stratified,dev,neutral,other
G356,32459-014,32459,105.0,2022-2026,stratified,test,hawkish,policy
G357,22643-067,22643,39.0,2010-2016,random,dev,neutral,(none)
G358,22509-009,22509,38.0,2010-2016,stratified,dev,neutral,inflation
G359,22404-009,22404,7.0,2002-2009,random,test,neutral,(none)
G360,32459-059,32459,105.0,2022-2026,stratified,test,hawkish,financial
G361,40339-018,40339,115.0,2022-2026,random,test,neutral,growth
G362,29567-083,29567,101.0,2017-2021,stratified,test,neutral,external
G363,52472-027,52472,129.0,2022-2026,random,test,neutral,fiscal
G364,22496-010,22496,33.0,2002-2009,stratified,dev,neutral,growth
G365,22524-075,22524,48.0,2010-2016,stratified,test,hawkish,financial
G366,22631-027,22631,66.0,2010-2016,stratified,test,neutral,external
G367,37138-075,37138,111.0,2022-2026,stratified,test,hawkish,growth
G368,32459-013,32459,105.0,2022-2026,stratified,test,hawkish,global
G369,31925-012,31925,104.0,2022-2026,random,test,hawkish,global
G370,54283-046,54283,130.0,2022-2026,stratified,test,hawkish,financial
G371,18654-033,18654,90.0,2017-2021,random,test,dovish,external
G372,22425-064,22425,11.0,2002-2009,random,dev,neutral,external
G373,30280-094,30280,102.0,2017-2021,random,test,neutral,global
G374,22481-016,22481,28.0,2002-2009,random,test,hawkish,inflation
G375,43039-110,43039,118.0,2022-2026,random,test,neutral,external
G376,22496-015,22496,33.0,2002-2009,random,test,neutral,(none)
G377,34434-081,34434,107.0,2022-2026,random,dev,neutral,growth
G378,46794-012,46794,123.0,2022-2026,stratified,test,dovish,global
G379,41149-036,41149,117.0,2022-2026,random,test,dovish,inflation
G380,22595-036,22595,62.0,2010-2016,stratified,test,dovish,financial
G381,22468-048,22468,35.0,2002-2009,random,test,neutral,external
G382,26831-074,26831,97.0,2017-2021,random,test,neutral,external
G383,49573-028,49573,126.0,2022-2026,stratified,test,hawkish,fiscal
G384,31087-094,31087,103.0,2017-2021,stratified,dev,hawkish,global
G385,39045-032,39045,114.0,2022-2026,stratified,test,dovish,inflation
G386,31087-014,31087,103.0,2017-2021,stratified,test,hawkish,financial
G387,33453-050,33453,106.0,2022-2026,random,test,dovish,growth
G388,41149-029,41149,117.0,2022-2026,random,test,neutral,growth
G389,17219-069,17219,81.0,2017-2021,stratified,test,neutral,inflation
G390,22509-060,22509,38.0,2010-2016,random,test,neutral,external
G391,22571-080,22571,51.0,2010-2016,stratified,test,neutral,policy
G392,22462-069,22462,22.0,2002-2009,stratified,test,hawkish,growth
G393,22604-008,22604,79.0,2017-2021,random,dev,dovish,global
G394,22493-084,22493,32.0,2002-2009,random,dev,neutral,(none)
G395,22530-076,22530,54.0,2010-2016,random,test,neutral,inflation
G396,35913-119,35913,109.0,2022-2026,stratified,test,hawkish,(none)
G397,34434-107,34434,107.0,2022-2026,stratified,test,hawkish,fiscal
G398,22571-063,22571,51.0,2010-2016,random,dev,neutral,external
G399,17315-087,17315,89.0,2017-2021,random,dev,neutral,inflation
G400,41136-090,41136,116.0,2022-2026,random,test,neutral,financial
