"rule_id","label","call","subject","move","require","window","note"
"T01","hawkish","","\b(?:inflation(?:ary)?|CPI|consumer prices?|price pressures?|demand pressures?|wage pressures?)\b","UP","","12","Inflation rising"
"T02","dovish","","\b(?:inflation(?:ary)?|CPI|consumer prices?|price pressures?|demand pressures?|wage pressures?)\b","DOWN","","12","Inflation falling"
"T03","hawkish","","\b(?:inflation(?:ary)?|CPI|consumer prices?)\b","HIGH","","8","Inflation above target or elevated"
"T04","dovish","","\b(?:inflation(?:ary)?|CPI|consumer prices?)\b","LOW","","8","Inflation below target or anchored"
"T05","dovish","","","re:\b(?:back|returned?|return)\W+(?:\w+\W+){0,2}(?:within|inside|to)\W+(?:\w+\W+){0,2}(?:target|band)","inflation","0","Inflation back inside the band"
"T06","dovish","","","re:\bdisinflation\w*","","0","Disinflation"
"T07","hawkish","","","re:\bupside risks?\b","inflation|prices?|price pressures?","0","Upside risks to inflation"
"T08","dovish","","","re:\bdownside risks?\b","inflation|prices?","0","Downside risks to inflation"
"T09","hawkish","","","re:\bsecond[- ]round effects?|\bde-?anchor\w*|\bunanchored\b|\bcost[- ]push\b","","0","Second-round effects or de-anchoring"
"T11","dovish","","\b(?:economic growth|growth|economic activity|output|GDP|domestic demand|private consumption|investment|PMI|purchasing managers|business confidence|consumer confidence|industrial production|real sector)\b","DOWN","","8","Weak growth (call 2: asymmetric)"
"T12","dovish","","","re:\bdownside risks?\b","growth|activity|output|outlook|economy|recovery","0","Downside risks to growth"
"T13","hawkish","2","","re:\bexcess demand|\boverheat\w*|\babove (?:its |their )?potential|\bpositive output gap|\bdemand pressures? (?:remain|are|have)\b","","0","Demand above potential (call 2)"
"T20","hawkish","1","\b(?:cedi|exchange rates?|local currency|domestic currency|foreign exchange|forex|FX)\b","re:\b(?:depreciat\w+|weaken\w*|plung\w+|slid\w*|slump\w*|deteriorat\w+|volatil\w+|pressures?\b(?!\W+(?:\w+\W+){0,3}(?:eas\w+|abat\w+|subsid\w+|moderat\w+|reced\w+)))","","8","Cedi depreciation or pressure (call 1)"
"T21","dovish","1","\b(?:cedi|exchange rates?|local currency|domestic currency|foreign exchange|forex|FX)\b","re:\b(?:apprecia\w+|stabili[sz]\w+|gain\w*|firm(?:ed|er|ing)|resilien\w+|stable)\b","","8","Cedi appreciation or stability (call 1)"
"T22","dovish","1","","re:\bpressures?\W+(?:\w+\W+){0,3}(?:eas\w+|abat\w+|subsid\w+)","cedi|exchange rate|currency|foreign exchange|forex","0","Pressure on the cedi eased (call 1)"
"T23","dovish","3","\b(?:reserves|import cover|international reserves|foreign exchange buffers?)\b","UP","","8","Reserves improving (call 3)"
"T24","dovish","6","\b(?:export receipts?|exports?|gold|cocoa)\b","UP","receipts?|prices?|earnings?|revenues?|exports?","10","Higher export receipts or gold and cocoa prices (call 6)"
"T25","hawkish","6","\b(?:oil|crude|fuel|petroleum|energy|gas|gasoline|diesel)\s+(?:prices?|costs?)\b","UP","","8","Higher oil prices (call 6)"
"T26","dovish","6","\b(?:oil|crude|fuel|petroleum|energy|gas|gasoline|diesel)\s+(?:prices?|costs?)\b","DOWN","","8","Lower oil prices (call 6)"
"T27","dovish","","\b(?:current account|trade|external)\s+(?:deficit|gap|imbalance)s?\b","DOWN","","6","External deficit narrowing"
"T30","hawkish","4","\b(?:(?:fiscal|budget(?:ary)?|primary|overall)\s+(?:deficit|balance|slippages?|overruns?|pressures?)|expenditure overruns?|government borrowing|domestic (?:financing|borrowing)|financing (?:needs?|gap)|(?:monetary|central bank) financing)\b","re:\b(?:wid\w+|exceed\w*|overshoot\w*|higher|rose|rise|rising|increase[sd]?|increasing|worsen\w*|deteriorat\w+|above|breach\w*|overran|overrun\w*)\b","","8","Fiscal slippage (call 4)"
"T31","hawkish","4","","re:\brevenues?\W+(?:\w+\W+){0,8}(?:short(?:fall| of)|below\W+(?:\w+\W+){0,2}target|underperform\w+|fell short)","","0","Revenue shortfall (call 4)"
"T32","dovish","4","\b(?:fiscal|budget(?:ary)?|primary|overall)\s+(?:deficit|balance|gap)\b","re:\b(?:narrow\w+|fell|fall\w*|declin\w+|reduc\w+|improv\w+|lower|contract\w+)\b","","8","Fiscal balance improving (call 4)"
"T33","dovish","4","","re:\bfiscal (?:consolidation|discipline|adjustment|prudence)\b","","0","Fiscal consolidation (call 4)"
"T34","dovish","4","\b(?:deficit|expenditure|spending)\b","re:\b(?:within|on track|in line with)\b","target|ceiling|projection|programme|budget","6","Fiscal outturn on target (call 4)"
"T40","hawkish","5","","re:\bliquidity overhang|\bexcess liquidity|\bsurplus liquidity|\bmonetary overhang|\bliquidity pressures?|\bmonetary expansion","","0","Liquidity pressure (call 5)"
"T41","hawkish","5","\b(?:broad money|money supply|reserve money|M2\+?|private sector credit|credit to the private sector|bank credit|domestic credit)\b","UP","liquidity|inflation|excess|overheat","8","Money or credit growth framed as pressure (call 5)"
"T42","dovish","5","\b(?:(?:private sector |bank |domestic )?credit(?! risk)|lending(?! rates?)|advances)\b","re:\b(?:contract\w+|declin\w+|slow\w*|weak\w*|subdued|tight(?:er|ened|ening)?|fell|fall\w*|moderat\w+|sluggish\w*)\b","","8","Weak credit (call 5)"
"T50","hawkish","","\b(?:global (?:inflation|inflationary pressures?|prices?)|world (?:inflation|prices))\b","UP","","8","Global inflation rising"
"T51","hawkish","","\b(?:Fed|Federal Reserve|FOMC|ECB|European Central Bank|Bank of England|BoE|major central banks|other central banks|central banks (?:in|across|around)|advanced economies)\b","re:\b(?:rais\w+|hik\w+|tighten\w*|hawkish|normali[sz]\w+)\b","","10","Tightening abroad"
"T52","dovish","","\b(?:Fed|Federal Reserve|FOMC|ECB|European Central Bank|Bank of England|BoE|major central banks|other central banks|central banks (?:in|across|around)|advanced economies)\b","re:\b(?:cut\w*|eas(?:ed|es|ing)|lower\w*|reduc\w+|accommodat\w+|dovish|pivot\w*|loosen\w*)\b","","10","Easing abroad"
"T53","hawkish","","","re:\bstrong(?:er)? (?:US )?dollar\b|\bdollar strength\b|\b(?:US )?dollar (?:strengthen\w*|appreciat\w+|rall\w+)","","0","Strong dollar"
"T54","dovish","","\b(?:global (?:economic )?(?:growth|economy|demand|recovery|output|activity|trade)|world (?:economy|growth))\b","re:\b(?:slow\w*|weak\w*|contract\w+|declin\w+|deteriorat\w+|fell|fall\w*|downturn|recession|moderat\w+|subdued|lacklustre|fragile)\b","","8","Global slowdown"
"T55","dovish","","","re:\b(?:threats?|challenges?|risks?|headwinds?|uncertaint\w+)\b(?:\W+\w+){0,8}?\W+(?:to|for)\W+(?:the\W+)?(?:global|world)\W+(?:\w+\W+){0,2}(?:outlook|growth|recovery|economy)","","0","Threats to the global outlook"
"T60","hawkish","","","re:\b(?:remains? vigilant|stands? ready to (?:act|tighten|respond)|will not hesitate to|further (?:monetary |policy )?tightening|continue to tighten|tighten\w* (?:further|measures)|hawkish)\b","","0","Tightening guidance"
"T61","dovish","","","re:\b(?:room (?:to|for) (?:ease|easing|cut\w*|manoeuvre)|scope (?:to|for) (?:ease|easing|cut\w*)|accommodative|(?:ease|easing) (?:of )?(?:the )?(?:monetary )?(?:policy )?stance|gradual(?:ly)? (?:ease|easing|normali[sz]\w+)|dovish)\b","","0","Easing guidance"
"T62","dovish","","","re:\bsupport(?:s|ing)? (?:for )?(?:economic )?(?:growth|activity|the recovery|the economy)\b","","0","Support for growth"
