"topic","pattern","weight","note"
"policy","\bpolicy (?:stance|rate|measures?|response|framework|tightening|easing|normali[sz]ation)\b","3","Policy stance or measures"
"policy","\b(?:cash )?reserve requirements?\b|\bCRR\b","3","Reserve requirement"
"policy","\basset purchase\b|\bliquidity (?:operations?|management)\b|\bforward guidance\b","3","Instruments and guidance"
"policy","\b(?:remains?|stays?) vigilant\b|\bstands? ready\b|\bwill (?:continue to )?monitor\b","3","Guidance language"
"policy","\btighten\w*\b|\beasing\b|\baccommodative\b","2","Tightening or easing"
"policy","\bmonetary policy\b|\binflation targeting\b","1","Monetary policy in general"
"global","\bglobal\b|\bworld\b","2","Global or world"
"global","\b(?:Fed|Federal Reserve|FOMC|ECB|European Central Bank|Bank of England)\b","4","Other central banks"
"global","\b(?:euro ?zone|euro area|advanced economies|emerging (?:markets?|economies)|OPEC|United States|U\.S\.|US(?!\$)|China|Europe|United Kingdom|UK)\b","2","Other economies"
"global","\b(?:commodity|oil|crude) prices?\b","1","Commodity prices"
"external","\bcedi\b","3","The cedi"
"external","\bexchange rates?\b|\bforeign exchange\b|\bforex\b|\bFX\b","3","Exchange rate"
"external","\b(?:depreciat\w+|apprecia\w+)\b","2","Depreciation or appreciation"
"external","\b(?:international )?reserves\b|\bimport cover\b","3","Reserves"
"external","\bbalance of payments\b|\bcurrent account\b|\btrade (?:deficit|balance|surplus)\b","3","External accounts"
"external","\b(?:exports?|imports?|remittances?)\b","1","Trade flows"
"external","\bgold\b|\bcocoa\b","1","Gold and cocoa"
"fiscal","\bfiscal\b","3","Fiscal"
"fiscal","\bbudget\w*\b","2","Budget"
"fiscal","\b(?:revenues?|expenditures?|deficits?)\b","2","Revenue expenditure deficit"
"fiscal","\b(?:public|government|sovereign) (?:debt|borrowing|financing)\b|\bdomestic (?:financing|borrowing)\b","3","Government borrowing"
"fiscal","\barrears\b|\btax\w*\b|\bdebt (?:sustainability|restructuring|service)\b","2","Arrears tax debt"
"financial","\b(?:broad money|money supply|reserve money|M2\+?)\b","3","Money aggregates"
"financial","\bcredit\b|\blending\b|\bloans?\b|\badvances\b","2","Credit"
"financial","\b(?:deposits?|banking sector|(?<!central )banks)\b","2","Banks"
"financial","\b(?:NPL|non-performing|capital adequacy)\b","3","Bank soundness"
"financial","\b(?:interbank|yields?|T-bills?|treasury bills?|interest rates?)\b","2","Market rates"
"financial","\bliquidity\b","1","Liquidity"
"financial","\bfinancial (?:sector|system|stability|markets?|conditions)\b","2","Financial sector"
"inflation","\binflation\w*\b","2","Inflation"
"inflation","\bCPI\b|\bconsumer prices?\b|\bprice (?:pressures?|level|stability)\b","3","Prices"
"inflation","\bfood prices?\b|\bnon-food\b","2","Food prices"
"inflation","\bdisinflation\w*\b|\binflation expectations?\b","3","Disinflation and expectations"
"growth","\bGDP\b","3","GDP"
"growth","\b(?:economic )?growth\b","2","Growth"
"growth","\b(?:economic activity|output|production|PMI|purchasing managers|confidence|employment|investment|consumption)\b","2","Activity indicators"
"growth","\breal sector\b","3","Real sector"
"growth","\b(?:demand|mining|agricultur\w+|services sector|industry)\b","1","Demand and sectors"
"other","^(?:good (?:morning|afternoon|evening)|ladies and gentlemen|let me|welcome|thank you|i (?:will|shall) now)","3","Greetings"
"other","\bpress (?:briefing|conference)\b","2","Press briefing"
"other","\bnext (?:MPC |Committee )?meeting\b","3","Next meeting"
"other","\bscheduled for\b","2","Scheduling"
"global","\bcentral banks?\b","3","Other central banks (generic)"
