id,title,meeting_year,meeting_month,feed_date,slug,page_url,pdf_url,n_pdf_links,file,bytes,status,retrieved_on
17209,MPC Press Release – Jan. 2018,,,2019-08-21,mpc-press-release-jan-2018,https://www.bog.gov.gh/mpc_press_release/mpc-press-release-jan-2018/,https://www.bog.gov.gh/wp-content/uploads/2019/08/MPC_Press_Release_January_2018.pdf,1,data/raw/pdf/unknown_17209.pdf,318396,ok,2026-09-29
26160,Impact of COVID-19 on Real Sector Indicators,,,2020-09-28,impact-of-covid-19-on-real-sector-indicators,https://www.bog.gov.gh/mpc_press_release/impact-of-covid-19-on-real-sector-indicators/,https://www.bog.gov.gh/wp-content/uploads/2020/09/Real-Sector-Charts-1.pdf,1,data/raw/pdf/unknown_26160.pdf,755069,ok,2026-09-29
29177,Notice of 101st Monetary Policy Committee Meetings,,,2021-07-06,notice-of-101st-monetary-policy-committee-meetings,https://www.bog.gov.gh/mpc_press_release/notice-of-101st-monetary-policy-committee-meetings/,https://www.bog.gov.gh/wp-content/uploads/2021/07/Notice-of-101st-MPC-Meetings.pdf,1,data/raw/pdf/unknown_29177.pdf,504056,ok,2026-09-29
30075,Notice of 102nd Monetary Policy Committee Meetings,,,2021-09-07,notice-of-102nd-monetary-policy-committee-meetings,https://www.bog.gov.gh/mpc_press_release/notice-of-102nd-monetary-policy-committee-meetings/,https://www.bog.gov.gh/wp-content/uploads/2021/09/Notice-of-102nd-MPC-Meetings-1.pdf,1,data/raw/pdf/unknown_30075.pdf,263668,ok,2026-09-29
30525,"Transcript of MPC Press Release Briefing Held on September 27, 2021",,,2021-10-19,transcript-of-mpc-press-release-briefing-held-on-september-27-2021,https://www.bog.gov.gh/mpc_press_release/transcript-of-mpc-press-release-briefing-held-on-september-27-2021/,https://www.bog.gov.gh/wp-content/uploads/2021/10/Transcript-of-MPC-Press-Briefing-September-27-2021.pdf,1,,0,download_failed,2026-09-29
30777,Notice of 103rd Monetary Policy Committee Meetings,,,2021-11-08,notice-of-103rd-monetary-policy-committee-meetings,https://www.bog.gov.gh/mpc_press_release/notice-of-103rd-monetary-policy-committee-meetings/,https://www.bog.gov.gh/wp-content/uploads/2021/11/Notice-of-103rd-MPC-Meetings.pdf,1,data/raw/pdf/unknown_30777.pdf,512519,ok,2026-09-29
32533,Highlights:105th MPC Meeting Press Release,,,2022-03-24,highlights105th-mpc-meeting-press-release,https://www.bog.gov.gh/mpc_press_release/highlights105th-mpc-meeting-press-release/,https://www.bog.gov.gh/wp-content/uploads/2022/03/105TH-MPC-MEETING.pdf,1,data/raw/pdf/unknown_32533.pdf,1191530,ok,2026-09-29
32879,"Transcript of MPC Press Briefing Held on March 21, 2022",,,2022-04-07,transcript-of-mpc-press-release-briefing-held-on-march-21-2022,https://www.bog.gov.gh/mpc_press_release/transcript-of-mpc-press-release-briefing-held-on-march-21-2022/,https://www.bog.gov.gh/wp-content/uploads/2022/04/Transcript-of-105th-MPC-Press-Briefing-March-2022.pdf,1,data/raw/pdf/unknown_32879.pdf,857035,ok,2026-09-29
33520,Highlights:106th MPC Meeting Press Release,,,2022-05-27,highlights106th-mpc-meeting-press-release,https://www.bog.gov.gh/mpc_press_release/highlights106th-mpc-meeting-press-release/,https://www.bog.gov.gh/wp-content/uploads/2022/05/106TH-MPC-MEETING-HIGHLIGHTS-PRESS-RELEASE-27-05-2022.pdf,1,data/raw/pdf/unknown_33520.pdf,1099481,ok,2026-09-29
34606,"Transcript of MPC Press Briefing Held on July 25, 2022",,,2022-08-09,transcript-of-mpc-press-release-briefing-held-on-july-25-2022,https://www.bog.gov.gh/mpc_press_release/transcript-of-mpc-press-release-briefing-held-on-july-25-2022/,https://www.bog.gov.gh/wp-content/uploads/2022/08/107th-Transcript-of-MPC-Press-Briefing-July-2022-09-08-2022.pdf,1,data/raw/pdf/unknown_34606.pdf,874620,ok,2026-09-29
47882,Transcript – 124th MPC Press Briefing 180625,,,2025-06-18,transcript-124th-mpc-press-briefing-180625,https://www.bog.gov.gh/mpc_press_release/transcript-124th-mpc-press-briefing-180625/,https://www.bog.gov.gh/wp-content/uploads/2025/06/Transcript-124th-MPC-Press-Briefing-180625.pdf,1,data/raw/pdf/unknown_47882.pdf,321499,ok,2026-09-29
48471,"Emergency MPC Press Release – July 18, 2025",,,2025-07-18,emergency-mpc-press-release-july-18-2025,https://www.bog.gov.gh/mpc_press_release/emergency-mpc-press-release-july-18-2025/,https://www.bog.gov.gh/wp-content/uploads/2025/07/Emergency-MPC-Press-Release-July-18-2025-.pdf,1,data/raw/pdf/unknown_48471.pdf,169210,ok,2026-09-29
22407,MPC Press Release – January 2003,2003,1,2003-01-09,mpc-press-release-january-2003,https://www.bog.gov.gh/mpc_press_release/mpc-press-release-january-2003/,https://www.bog.gov.gh/wp-content/uploads/2020/05/2003-MPC-Press-Release-January-1.pdf,1,data/raw/pdf/2003-01_22407.pdf,27190,ok,2026-09-29
22330,MPC Press Release – March 2003,2003,3,2003-05-09,mpc-press-release-march-2003,https://www.bog.gov.gh/mpc_press_release/mpc-press-release-march-2003/,https://www.bog.gov.gh/wp-content/uploads/2020/05/2003-MPC-Press-Release-January.pdf,1,data/raw/pdf/2003-03_22330.pdf,27190,ok,2026-09-29
22410,MPC Press Release – May 2003,2003,5,2003-05-09,mpc-press-release-may-2003,https://www.bog.gov.gh/mpc_press_release/mpc-press-release-may-2003/,https://www.bog.gov.gh/wp-content/uploads/2020/05/2003-MPC-Press-Release-May.pdf,1,data/raw/pdf/2003-05_22410.pdf,37530,ok,2026-09-29
22413,MPC Press Release – October 2003,2003,10,2003-10-09,mpc-press-release-october-2003,https://www.bog.gov.gh/mpc_press_release/mpc-press-release-october-2003/,https://www.bog.gov.gh/wp-content/uploads/2020/05/2003-MPC-PRESS-RELEASE-October.pdf,1,data/raw/pdf/2003-10_22413.pdf,36163,ok,2026-09-29
22404,MPC Press Release – December 2003,2003,12,2003-12-09,mpc-press-release-december-2003,https://www.bog.gov.gh/mpc_press_release/mpc-press-release-december-2003/,https://www.bog.gov.gh/wp-content/uploads/2020/05/2003-MPC-Press-Release-Decmber.pdf,1,data/raw/pdf/2003-12_22404.pdf,40657,ok,2026-09-29
22419,MPC Press Release – February 2004,2004,2,2004-02-09,mpc-press-release-february-2004,https://www.bog.gov.gh/mpc_press_release/mpc-press-release-february-2004/,https://www.bog.gov.gh/wp-content/uploads/2020/05/2004-MPC-Press-Release-February.pdf,1,data/raw/pdf/2004-02_22419.pdf,41869,ok,2026-09-29
22422,MPC Press Release – May 2004,2004,5,2004-05-09,mpc-press-release-may-2004,https://www.bog.gov.gh/mpc_press_release/mpc-press-release-may-2004/,https://www.bog.gov.gh/wp-content/uploads/2020/05/2004-MPC-Press-Release-May.pdf,1,data/raw/pdf/2004-05_22422.pdf,44389,ok,2026-09-29
22425,MPC Press Release – November 2004,2004,11,2004-11-09,mpc-press-release-november-2004,https://www.bog.gov.gh/mpc_press_release/mpc-press-release-november-2004/,https://www.bog.gov.gh/wp-content/uploads/2020/05/2004-MPC-Press-Release-November.pdf,1,data/raw/pdf/2004-11_22425.pdf,45084,ok,2026-09-29
22428,MPC Press Release – January 2005,2005,1,2005-01-09,mpc-press-release-january-2004,https://www.bog.gov.gh/mpc_press_release/mpc-press-release-january-2004/,https://www.bog.gov.gh/wp-content/uploads/2020/05/2005-MPC-PRESS-RELEASE-January.pdf,1,data/raw/pdf/2005-01_22428.pdf,44675,ok,2026-09-29
22435,MPC Press Release – March 2005,2005,3,2005-03-09,mpc-press-release-march-2005,https://www.bog.gov.gh/mpc_press_release/mpc-press-release-march-2005/,https://www.bog.gov.gh/wp-content/uploads/2020/05/2005-MPC-PRESS-RELEASE-March.pdf,1,data/raw/pdf/2005-03_22435.pdf,48073,ok,2026-09-29
22440,MPC Press Release – May 2005,2005,5,2005-05-09,mpc-press-release-may-2005,https://www.bog.gov.gh/mpc_press_release/mpc-press-release-may-2005/,https://www.bog.gov.gh/wp-content/uploads/2020/05/2005-MPC-PRESS-RELEASE-May.pdf,1,data/raw/pdf/2005-05_22440.pdf,43512,ok,2026-09-29
22432,MPC Press Release – July 2005,2005,7,2005-07-09,mpc-press-release-july-2005,https://www.bog.gov.gh/mpc_press_release/mpc-press-release-july-2005/,https://www.bog.gov.gh/wp-content/uploads/2020/05/2005-MPC-PRESS-RELEASE-July.pdf,1,data/raw/pdf/2005-07_22432.pdf,54027,ok,2026-09-29
22447,MPC Press Release – September 2005,2005,9,2005-09-09,mpc-press-release-september-2005,https://www.bog.gov.gh/mpc_press_release/mpc-press-release-september-2005/,https://www.bog.gov.gh/wp-content/uploads/2020/05/2005-MPC-PRESS-RELEASE-September.pdf,1,data/raw/pdf/2005-09_22447.pdf,45075,ok,2026-09-29
22443,MPC Press Release – November 2005,2005,11,2005-11-09,mpc-press-release-november-2005,https://www.bog.gov.gh/mpc_press_release/mpc-press-release-november-2005/,https://www.bog.gov.gh/wp-content/uploads/2020/05/2005-MPC-PRESS-RELEASE-November-1.pdf,1,data/raw/pdf/2005-11_22443.pdf,42315,ok,2026-09-29
22453,MPC Press Release – January 2006,2006,1,2006-01-09,mpc-press-release-january-2006,https://www.bog.gov.gh/mpc_press_release/mpc-press-release-january-2006/,https://www.bog.gov.gh/wp-content/uploads/2020/05/2006-MPC-PRESS-RELEASE-January.pdf,1,data/raw/pdf/2006-01_22453.pdf,48037,ok,2026-09-29
22459,MPC Press Release – May 2006,2006,5,2006-05-09,mpc-press-release-may-2006,https://www.bog.gov.gh/mpc_press_release/mpc-press-release-may-2006/,https://www.bog.gov.gh/wp-content/uploads/2020/05/2006-MPC-PRESS-RELEASE-May.pdf,1,data/raw/pdf/2006-05_22459.pdf,115932,ok,2026-09-29
22456,MPC Press Release – July 2006,2006,7,2006-05-09,mpc-press-release-july-2006,https://www.bog.gov.gh/mpc_press_release/mpc-press-release-july-2006/,https://www.bog.gov.gh/wp-content/uploads/2020/05/2006-MPC-PRESS-RELEASE-July.pdf,1,data/raw/pdf/2006-07_22456.pdf,60206,ok,2026-09-29
22462,MPC Press Release – October 2006,2006,10,2006-10-09,mpc-press-release-october-2006,https://www.bog.gov.gh/mpc_press_release/mpc-press-release-october-2006/,https://www.bog.gov.gh/wp-content/uploads/2020/05/2006-MPC-PRESS-RELEASE-October.pdf,1,data/raw/pdf/2006-10_22462.pdf,51053,ok,2026-09-29
22450,MPC Press Release – December 2006,2006,12,2006-12-09,mpc-press-release-december-2006,https://www.bog.gov.gh/mpc_press_release/mpc-press-release-december-2006/,https://www.bog.gov.gh/wp-content/uploads/2020/05/2006-MPC-PRESS-RELEASE-December.pdf,1,data/raw/pdf/2006-12_22450.pdf,54807,ok,2026-09-29
22471,MPC Press Release – March 2007,2007,3,2007-03-09,mpc-press-release-march-2007,https://www.bog.gov.gh/mpc_press_release/mpc-press-release-march-2007/,https://www.bog.gov.gh/wp-content/uploads/2020/05/2007-MPC-PRESS-RELEASE-March.pdf,1,data/raw/pdf/2007-03_22471.pdf,62259,ok,2026-09-29
22477,MPC Press Release – May 2007,2007,5,2007-05-09,mpc-press-release-may-2007,https://www.bog.gov.gh/mpc_press_release/mpc-press-release-may-2007/,https://www.bog.gov.gh/wp-content/uploads/2020/05/2007-MPC-PRESS-RELEASE-May.pdf,1,data/raw/pdf/2007-05_22477.pdf,57945,ok,2026-09-29
22468,MPC Press Release – July 2007,2007,7,2007-07-09,mpc-press-release-july-2007,https://www.bog.gov.gh/mpc_press_release/mpc-press-release-july-2007/,https://www.bog.gov.gh/wp-content/uploads/2020/05/2007-MPC-PRESS-RELEASE-July.pdf,1,data/raw/pdf/2007-07_22468.pdf,67770,ok,2026-09-29
22465,MPC Press Release – August 2007,2007,8,2007-08-09,mpc-press-release-august-2007,https://www.bog.gov.gh/mpc_press_release/mpc-press-release-august-2007/,https://www.bog.gov.gh/wp-content/uploads/2020/05/2007-MPC-PRESS-RELEASE-August.pdf,1,data/raw/pdf/2007-08_22465.pdf,43778,ok,2026-09-29
22474,MPC Press Release – November 2007,2007,11,2007-11-09,mpc-press-release-november-2007,https://www.bog.gov.gh/mpc_press_release/mpc-press-release-november-2007/,https://www.bog.gov.gh/wp-content/uploads/2020/05/2007-MPC-PRESS-RELEASE-November.pdf,1,data/raw/pdf/2007-11_22474.pdf,121635,ok,2026-09-29
22481,MPC Press Release – January 2008,2008,1,2008-01-09,mpc-press-release-january-2008,https://www.bog.gov.gh/mpc_press_release/mpc-press-release-january-2008/,https://www.bog.gov.gh/wp-content/uploads/2020/05/2008-MPC-PRESS-RELEASE-January.pdf,1,data/raw/pdf/2008-01_22481.pdf,119371,ok,2026-09-29
22487,MPC Press Release – March 2008,2008,3,2008-03-09,mpc-press-release-march-2008,https://www.bog.gov.gh/mpc_press_release/mpc-press-release-march-2008/,https://www.bog.gov.gh/wp-content/uploads/2020/05/2008-MPC-PRESS-RELEASE-March.pdf,1,data/raw/pdf/2008-03_22487.pdf,49397,ok,2026-09-29
22490,MPC Press Release – May 2008,2008,5,2008-05-09,mpc-press-release-may-2008,https://www.bog.gov.gh/mpc_press_release/mpc-press-release-may-2008/,https://www.bog.gov.gh/wp-content/uploads/2020/05/2008-MPC-PRESS-RELEASE-May.pdf,1,data/raw/pdf/2008-05_22490.pdf,65764,ok,2026-09-29
22484,MPC Press Release – July 2008,2008,7,2008-07-09,mpc-press-release-july-2008,https://www.bog.gov.gh/mpc_press_release/mpc-press-release-july-2008/,https://www.bog.gov.gh/wp-content/uploads/2020/05/2008-MPC-PRESS-RELEASE-July.pdf,1,data/raw/pdf/2008-07_22484.pdf,48210,ok,2026-09-29
22493,MPC Press Release – October 2008,2008,10,2008-10-09,mpc-press-release-october-2008,https://www.bog.gov.gh/mpc_press_release/mpc-press-release-october-2008/,https://www.bog.gov.gh/wp-content/uploads/2020/05/2008-MPC-PRESS-RELEASE-October.pdf,1,data/raw/pdf/2008-10_22493.pdf,68983,ok,2026-09-29
22496,MPC Press Release – February 2009,2009,2,2009-02-09,mpc-press-release-february-2009,https://www.bog.gov.gh/mpc_press_release/mpc-press-release-february-2009/,https://www.bog.gov.gh/wp-content/uploads/2020/05/2009-MPC-PRESS-RELEASE-February.pdf,1,data/raw/pdf/2009-02_22496.pdf,72607,ok,2026-09-29
22499,MPC Press Release – May 2009,2009,5,2009-05-09,mpc-press-release-may-2009,https://www.bog.gov.gh/mpc_press_release/mpc-press-release-may-2009/,https://www.bog.gov.gh/wp-content/uploads/2020/05/2009-MPC-PRESS-RELEASE-May.pdf,1,data/raw/pdf/2009-05_22499.pdf,51250,ok,2026-09-29
22502,MPC Press Release – September 2009,2009,9,2009-09-09,mpc-press-release-september-2009,https://www.bog.gov.gh/mpc_press_release/mpc-press-release-september-2009/,https://www.bog.gov.gh/wp-content/uploads/2020/05/2009-MPC-PRESS-RELEASE-September.pdf,1,data/raw/pdf/2009-09_22502.pdf,64729,ok,2026-09-29
22618,MPC Press Release – September 2009,2009,9,2009-09-09,mpc-press-release-september-2009-2,https://www.bog.gov.gh/mpc_press_release/mpc-press-release-september-2009-2/,https://www.bog.gov.gh/wp-content/uploads/2020/05/MPC-PRESS-RELEASE-SEPTEMBER-2009.pdf,1,data/raw/pdf/2009-09_22618.pdf,64728,ok,2026-09-29
22505,MPC Press Release – November 2009,2009,11,2009-11-09,mpc-press-release-november-2009,https://www.bog.gov.gh/mpc_press_release/mpc-press-release-november-2009/,https://www.bog.gov.gh/wp-content/uploads/2020/05/2009-MPC-PRESS-RELEASE-Full-Text-November.pdf,1,data/raw/pdf/2009-11_22505.pdf,42022,ok,2026-09-29
22634,MPC Press Release – November 2009,2009,11,2009-11-09,mpc-press-release-november-2009-2,https://www.bog.gov.gh/mpc_press_release/mpc-press-release-november-2009-2/,https://www.bog.gov.gh/wp-content/uploads/2020/05/MPC-PRESS-RELEASE-Full-Text-November-20-2009.pdf,1,data/raw/pdf/2009-11_22634.pdf,42022,ok,2026-09-29
22509,MPC Press Release – February 2010,2010,2,2010-02-09,mpc-press-release-february-2010,https://www.bog.gov.gh/mpc_press_release/mpc-press-release-february-2010/,https://www.bog.gov.gh/wp-content/uploads/2020/05/2010-MPC-PRESS-RELEASE-February.pdf,1,data/raw/pdf/2010-02_22509.pdf,39902,ok,2026-09-29
22538,MPC Press Release – February 2010,2010,2,2010-02-09,mpc-press-release-february-2010-2,https://www.bog.gov.gh/mpc_press_release/mpc-press-release-february-2010-2/,https://www.bog.gov.gh/wp-content/uploads/2020/05/MPC-PRESS-RELEASE-February-19-2010.pdf,1,data/raw/pdf/2010-02_22538.pdf,39902,ok,2026-09-29
22643,MPC Press Release  -April 2010,2010,4,2010-04-09,mpc-press-release-april-2010,https://www.bog.gov.gh/mpc_press_release/mpc-press-release-april-2010/,https://www.bog.gov.gh/wp-content/uploads/2020/05/MPC-PRESS-RELEASE-April-2010-final.pdf,1,data/raw/pdf/2010-04_22643.pdf,43595,ok,2026-09-29
22515,MPC Press Release – July 2010,2010,7,2010-07-09,mpc-press-release-july-2010,https://www.bog.gov.gh/mpc_press_release/mpc-press-release-july-2010/,https://www.bog.gov.gh/wp-content/uploads/2020/05/MPC-Press-Release-July-2010-The-Final-Document_2.pdf,1,data/raw/pdf/2010-07_22515.pdf,66494,ok,2026-09-29
22521,MPC Press Release – September 2010,2010,9,2010-09-09,mpc-press-release-september-2010,https://www.bog.gov.gh/mpc_press_release/mpc-press-release-september-2010/,https://www.bog.gov.gh/wp-content/uploads/2020/05/MPC-Press-Release-Sept-2010.pdf,1,data/raw/pdf/2010-09_22521.pdf,50137,ok,2026-09-29
22512,MPC Press Release – February 2011,2011,2,2011-02-09,mpc-press-release-february-2011,https://www.bog.gov.gh/mpc_press_release/mpc-press-release-february-2011/,https://www.bog.gov.gh/wp-content/uploads/2020/05/MPC-Press-Release-February-2011.pdf,1,data/raw/pdf/2011-02_22512.pdf,153503,ok,2026-09-29
22518,MPC Press Release – May 2011,2011,5,2011-05-09,mpc-press-release-may-2011,https://www.bog.gov.gh/mpc_press_release/mpc-press-release-may-2011/,https://www.bog.gov.gh/wp-content/uploads/2020/05/mpc-press-release-may-2011.pdf,1,data/raw/pdf/2011-05_22518.pdf,206143,ok,2026-09-29
22524,MPC Press Release – December 2011,2011,12,2011-12-09,mpc-press-release-december-2011,https://www.bog.gov.gh/mpc_press_release/mpc-press-release-december-2011/,https://www.bog.gov.gh/wp-content/uploads/2020/05/mpc-press-release-21-dec-2011.pdf,1,data/raw/pdf/2011-12_22524.pdf,128185,ok,2026-09-29
22571,MPC Press Release – June 2012,2012,6,2012-06-09,22571,https://www.bog.gov.gh/mpc_press_release/22571/,https://www.bog.gov.gh/wp-content/uploads/2020/05/mpc-press-release-june-2012.pdf,1,data/raw/pdf/2012-06_22571.pdf,64880,ok,2026-09-29
22614,MPC Press Release – September 2012,2012,9,2012-09-09,mpc-press-release-september-2012,https://www.bog.gov.gh/mpc_press_release/mpc-press-release-september-2012/,https://www.bog.gov.gh/wp-content/uploads/2020/05/mpc-press-release-september-2012.pdf,1,data/raw/pdf/2012-09_22614.pdf,209868,ok,2026-09-29
22530,MPC Press Release – February 2013,2013,2,2013-02-09,mpc-press-release-february-2013,https://www.bog.gov.gh/mpc_press_release/mpc-press-release-february-2013/,https://www.bog.gov.gh/wp-content/uploads/2020/05/MPC-Press-Release-Feb-2013-final.pdf,1,data/raw/pdf/2013-02_22530.pdf,102343,ok,2026-09-29
22578,MPC Press Release – May 2013,2013,5,2013-05-09,mpc-press-release-may-2013,https://www.bog.gov.gh/mpc_press_release/mpc-press-release-may-2013/,https://www.bog.gov.gh/wp-content/uploads/2020/05/MPC-Press-Release-May-2013.pdf,1,data/raw/pdf/2013-05_22578.pdf,77125,ok,2026-09-29
22554,MPC Press Release – July 2013,2013,7,2013-07-09,mpc-press-release-july-2013,https://www.bog.gov.gh/mpc_press_release/mpc-press-release-july-2013/,https://www.bog.gov.gh/wp-content/uploads/2020/05/MPC-Press-Release-July-2013.pdf,1,data/raw/pdf/2013-07_22554.pdf,279966,ok,2026-09-29
22624,MPC Press Release – September 2013,2013,9,2013-09-09,mpc-press-release-september-2013,https://www.bog.gov.gh/mpc_press_release/mpc-press-release-september-2013/,https://www.bog.gov.gh/wp-content/uploads/2020/05/MPC-Press-Release-September-2013.pdf,1,data/raw/pdf/2013-09_22624.pdf,300150,ok,2026-09-29
22541,MPC Press Release – February 2014,2014,2,2014-02-09,mpc-press-release-february-2014,https://www.bog.gov.gh/mpc_press_release/mpc-press-release-february-2014/,https://www.bog.gov.gh/wp-content/uploads/2020/05/MPC-Press-Release-February-2014.pdf,1,data/raw/pdf/2014-02_22541.pdf,81017,ok,2026-09-29
22527,MPC Press Release – April 2014,2014,4,2013-04-09,mpc-press-release-april-2014,https://www.bog.gov.gh/mpc_press_release/mpc-press-release-april-2014/,https://www.bog.gov.gh/wp-content/uploads/2020/05/MPC-Press-Release-April-2014.pdf,1,data/raw/pdf/2014-04_22527.pdf,107946,ok,2026-09-29
22557,MPC Press Release – July 2014,2014,7,2014-07-09,mpc-press-release-july-2014,https://www.bog.gov.gh/mpc_press_release/mpc-press-release-july-2014/,https://www.bog.gov.gh/wp-content/uploads/2020/05/MPC-PRESS-RELEASE-July-2014.pdf,1,data/raw/pdf/2014-07_22557.pdf,116524,ok,2026-09-29
22416,MPC Press Release – August 2014,2014,8,2014-08-09,mpc-press-release-august-2014,https://www.bog.gov.gh/mpc_press_release/mpc-press-release-august-2014/,https://www.bog.gov.gh/wp-content/uploads/2020/05/2004-MPC-Press-Release-August.pdf,1,data/raw/pdf/2014-08_22416.pdf,47270,ok,2026-09-29
22608,MPC Press Release – September 2014,2014,9,2014-09-09,mpc-press-release-september-2014,https://www.bog.gov.gh/mpc_press_release/mpc-press-release-september-2014/,https://www.bog.gov.gh/wp-content/uploads/2020/05/MPC-Press-Release-Sept.-2014.pdf,1,data/raw/pdf/2014-09_22608.pdf,108509,ok,2026-09-29
22627,MPC Press Release – September 2014,2014,9,2014-09-09,mpc-press-release-september-2014-2,https://www.bog.gov.gh/mpc_press_release/mpc-press-release-september-2014-2/,https://www.bog.gov.gh/wp-content/uploads/2020/05/MPC-Press-Release-September-2014.pdf,1,data/raw/pdf/2014-09_22627.pdf,108509,ok,2026-09-29
22595,MPC Press Release – November 2014,2014,11,2014-11-09,mpc-press-release-november-2014,https://www.bog.gov.gh/mpc_press_release/mpc-press-release-november-2014/,https://www.bog.gov.gh/wp-content/uploads/2020/05/MPC-Press-Release-Nov.-2014.pdf,1,data/raw/pdf/2014-11_22595.pdf,112390,ok,2026-09-29
22535,MPC Press Release – February 2015,2015,2,2015-02-09,mpc-press-release-february-2015,https://www.bog.gov.gh/mpc_press_release/mpc-press-release-february-2015/,https://www.bog.gov.gh/wp-content/uploads/2020/05/MPC-Press-Release-Feb.-2015.pdf,1,data/raw/pdf/2015-02_22535.pdf,113206,ok,2026-09-29
22581,MPC Press Release – May 2015,2015,5,2015-05-09,mpc-press-release-may-2015,https://www.bog.gov.gh/mpc_press_release/mpc-press-release-may-2015/,https://www.bog.gov.gh/wp-content/uploads/2020/05/MPC-Press-Release-May-2015.pdf,1,data/raw/pdf/2015-05_22581.pdf,94826,ok,2026-09-29
22560,MPC Press Release – July 2015,2015,7,2015-07-09,mpc-press-release-july-2015,https://www.bog.gov.gh/mpc_press_release/mpc-press-release-july-2015/,https://www.bog.gov.gh/wp-content/uploads/2020/05/MPC-Press-Release-July-2015.pdf,1,data/raw/pdf/2015-07_22560.pdf,76188,ok,2026-09-29
22631,MPC Press Release – September 2015,2015,9,2015-09-09,mpc-press-release-september-2015,https://www.bog.gov.gh/mpc_press_release/mpc-press-release-september-2015/,https://www.bog.gov.gh/wp-content/uploads/2020/05/MPC-Press-Release-September-2015.pdf,1,data/raw/pdf/2015-09_22631.pdf,68530,ok,2026-09-29
22598,MPC Press Release – November 2015,2015,11,2015-11-09,mpc-press-release-november-2015,https://www.bog.gov.gh/mpc_press_release/mpc-press-release-november-2015/,https://www.bog.gov.gh/wp-content/uploads/2020/05/MPC-Press-Release-Nov.-2015.pdf,1,data/raw/pdf/2015-11_22598.pdf,73042,ok,2026-09-29
22652,MPC Press Release – November 2015,2015,11,2015-11-09,mpc-press-release-november-2015-2,https://www.bog.gov.gh/mpc_press_release/mpc-press-release-november-2015-2/,https://www.bog.gov.gh/wp-content/uploads/2020/05/MPC-Press-Release-November-2015.pdf,1,data/raw/pdf/2015-11_22652.pdf,71940,ok,2026-09-29
22646,MPC Press Release – January 2016,2016,1,2016-01-09,mpc-press-release-january-2016,https://www.bog.gov.gh/mpc_press_release/mpc-press-release-january-2016/,https://www.bog.gov.gh/wp-content/uploads/2020/05/MPC-Press-Release-Jan-2016.pdf,1,data/raw/pdf/2016-01_22646.pdf,78560,ok,2026-09-29
22649,MPC Press Release – March 2016,2016,3,2016-03-09,mpc-press-release-march-2016,https://www.bog.gov.gh/mpc_press_release/mpc-press-release-march-2016/,https://www.bog.gov.gh/wp-content/uploads/2020/05/MPC-Press-Release-March-2016.pdf,1,data/raw/pdf/2016-03_22649.pdf,264837,ok,2026-09-29
22585,MPC Press Release – May 2016,2016,5,2016-05-09,mpc-press-release-may-2016,https://www.bog.gov.gh/mpc_press_release/mpc-press-release-may-2016/,https://www.bog.gov.gh/wp-content/uploads/2020/05/MPC-Press-Release-May-2016-1.pdf,1,data/raw/pdf/2016-05_22585.pdf,75435,ok,2026-09-29
22568,MPC Press Release – July 2016,2016,7,2016-07-09,mpc-press-release-july-2016,https://www.bog.gov.gh/mpc_press_release/mpc-press-release-july-2016/,https://www.bog.gov.gh/wp-content/uploads/2020/05/MPC-Press-Release-July-2016.pdf,1,data/raw/pdf/2016-07_22568.pdf,76811,ok,2026-09-29
22611,MPC Press Release – September 2016,2016,9,2016-09-09,mpc-press-release-september-2016,https://www.bog.gov.gh/mpc_press_release/mpc-press-release-september-2016/,https://www.bog.gov.gh/wp-content/uploads/2020/05/MPC-Press-Release-Sept.-2016.pdf,1,data/raw/pdf/2016-09_22611.pdf,73806,ok,2026-09-29
22601,MPC Press Release – November 2016,2016,11,2016-11-09,mpc-press-release-november-2016,https://www.bog.gov.gh/mpc_press_release/mpc-press-release-november-2016/,https://www.bog.gov.gh/wp-content/uploads/2020/05/MPC-Press-Release-Nov.-2016.pdf,1,data/raw/pdf/2016-11_22601.pdf,79797,ok,2026-09-29
22544,MPC Press Release – January 2017,2017,1,2017-01-09,mpc-press-release-january-2017,https://www.bog.gov.gh/mpc_press_release/mpc-press-release-january-2017/,https://www.bog.gov.gh/wp-content/uploads/2020/05/MPC-Press-Release-Jan.-2017.pdf,1,data/raw/pdf/2017-01_22544.pdf,65659,ok,2026-09-29
22575,MPC Press Release – March 2017,2017,3,2017-03-09,mpc-press-release-march-2017,https://www.bog.gov.gh/mpc_press_release/mpc-press-release-march-2017/,https://www.bog.gov.gh/wp-content/uploads/2020/05/MPC-Press-Release-March-2017.pdf,1,data/raw/pdf/2017-03_22575.pdf,66554,ok,2026-09-29
22589,MPC Press Release – May 2017,2017,5,2017-05-09,mpc-press-release-may-2017,https://www.bog.gov.gh/mpc_press_release/mpc-press-release-may-2017/,https://www.bog.gov.gh/wp-content/uploads/2020/05/MPC-Press-Release-May-2017.pdf,1,data/raw/pdf/2017-05_22589.pdf,197548,ok,2026-09-29
22551,MPC Press Release – July 2017,2017,7,2017-07-09,mpc-press-release-july-2017,https://www.bog.gov.gh/mpc_press_release/mpc-press-release-july-2017/,https://www.bog.gov.gh/wp-content/uploads/2020/05/MPC-Press-Release-July-2017.pdf,1,data/raw/pdf/2017-07_22551.pdf,108870,ok,2026-09-29
22604,MPC Press Release – November 2017,2017,11,2017-11-09,mpc-press-release-november-2017,https://www.bog.gov.gh/mpc_press_release/mpc-press-release-november-2017/,https://www.bog.gov.gh/wp-content/uploads/2020/05/MPC-Press-Release-November-2017.pdf,1,data/raw/pdf/2017-11_22604.pdf,187066,ok,2026-09-29
22547,MPC Press Release – January 2018,2018,1,2015-01-09,mpc-press-release-january-2018,https://www.bog.gov.gh/mpc_press_release/mpc-press-release-january-2018/,https://www.bog.gov.gh/wp-content/uploads/2020/05/MPC-Press-Release-January-2018.pdf,1,data/raw/pdf/2018-01_22547.pdf,318396,ok,2026-09-29
17219,MPC Press Release – March 2018,2018,3,2019-08-21,mpc-press-release-march-2018,https://www.bog.gov.gh/mpc_press_release/mpc-press-release-march-2018/,https://www.bog.gov.gh/wp-content/uploads/2019/08/MPC-Press-Release-March-2018.pdf,1,data/raw/pdf/2018-03_17219.pdf,137521,ok,2026-09-29
17227,MPC Press Release – May 2018,2018,5,2019-08-21,mpc-press-release-may-2018,https://www.bog.gov.gh/mpc_press_release/mpc-press-release-may-2018/,https://www.bog.gov.gh/wp-content/uploads/2019/08/MPC-Press-Release-May-2018.pdf,1,data/raw/pdf/2018-05_17227.pdf,249940,ok,2026-09-29
22592,MPC Press Release – May 2018,2018,5,2016-05-09,mpc-press-release-may-2018-2,https://www.bog.gov.gh/mpc_press_release/mpc-press-release-may-2018-2/,https://www.bog.gov.gh/wp-content/uploads/2020/05/MPC-Press-Release-May-2018.pdf,1,data/raw/pdf/2018-05_22592.pdf,249940,ok,2026-09-29
17231,MPC Infographics – July 2018,2018,7,2019-08-21,mpc-infographics-july-2018,https://www.bog.gov.gh/mpc_press_release/mpc-infographics-july-2018/,https://www.bog.gov.gh/wp-content/uploads/2019/08/MPC-Infographics-July-2018.pdf,1,data/raw/pdf/2018-07_17231.pdf,532480,ok,2026-09-29
17233,MPC Press Release – July 2018,2018,7,2019-08-21,mpc-press-release-july-2018,https://www.bog.gov.gh/mpc_press_release/mpc-press-release-july-2018/,https://www.bog.gov.gh/wp-content/uploads/2019/08/MPC-Press-Release-July-2018.pdf,1,data/raw/pdf/2018-07_17233.pdf,265862,ok,2026-09-29
17262,MPC Press Release – September 2018,2018,9,2019-08-21,mpc-press-release-september-2018,https://www.bog.gov.gh/mpc_press_release/mpc-press-release-september-2018/,https://www.bog.gov.gh/wp-content/uploads/2019/08/MPC_Press_Release_Sept_2018.pdf,1,data/raw/pdf/2018-09_17262.pdf,524477,ok,2026-09-29
17273,MPC Press Release – November 2018,2018,11,2019-08-21,mpc-press-release-november-2018,https://www.bog.gov.gh/mpc_press_release/mpc-press-release-november-2018/,https://www.bog.gov.gh/wp-content/uploads/2019/08/MPC-Press-Release-November-2018.pdf,1,data/raw/pdf/2018-11_17273.pdf,287295,ok,2026-09-29
17285,MPC Press Release – January 2019,2019,1,2019-08-21,mpc-press-release-january-2019,https://www.bog.gov.gh/mpc_press_release/mpc-press-release-january-2019/,https://www.bog.gov.gh/wp-content/uploads/2019/08/MPC-Press-Release-January-2019.pdf,1,data/raw/pdf/2019-01_17285.pdf,309622,ok,2026-09-29
17305,MPC Press Release – April 2019,2019,4,2019-08-21,mpc-press-release-april-2019,https://www.bog.gov.gh/mpc_press_release/mpc-press-release-april-2019/,https://www.bog.gov.gh/wp-content/uploads/2019/08/MPC-Press-Release-April-2019.pdf,1,data/raw/pdf/2019-04_17305.pdf,319541,ok,2026-09-29
17307,MPC Press Release – May 2019,2019,5,2019-08-21,mpc-press-release-may-2019,https://www.bog.gov.gh/mpc_press_release/mpc-press-release-may-2019/,https://www.bog.gov.gh/wp-content/uploads/2019/08/MPC-Press-Release-May-2019.pdf,1,data/raw/pdf/2019-05_17307.pdf,427746,ok,2026-09-29
17315,MPC Press Release – July 2019,2019,7,2019-08-21,mpc-press-release-july-2019,https://www.bog.gov.gh/mpc_press_release/mpc-press-release-july-2019/,https://www.bog.gov.gh/wp-content/uploads/2019/08/MPC-Press-Release-July-2019.pdf,1,data/raw/pdf/2019-07_17315.pdf,363022,ok,2026-09-29
18654,MPC Press Release – September 2019,2019,9,2019-09-20,mpc-press-release-september-2019,https://www.bog.gov.gh/mpc_press_release/mpc-press-release-september-2019/,https://www.bog.gov.gh/wp-content/uploads/2019/09/MPC-Press-Conf-Release_Sept_20_2019.pdf,1,data/raw/pdf/2019-09_18654.pdf,631111,ok,2026-09-29
19512,MPC Press Release – November 2019,2019,11,2019-11-25,mpc-press-release-november-2019,https://www.bog.gov.gh/mpc_press_release/mpc-press-release-november-2019/,https://www.bog.gov.gh/wp-content/uploads/2019/11/MPC-Press-Release-Nov.-2019.pdf,1,data/raw/pdf/2019-11_19512.pdf,327410,ok,2026-09-29
20462,MPC Press Release – January 2020,2020,1,2020-01-31,mpc-press-release-january-2020,https://www.bog.gov.gh/mpc_press_release/mpc-press-release-january-2020/,https://www.bog.gov.gh/wp-content/uploads/2020/01/MPC-Press-Release-January-2020-4.pdf,1,data/raw/pdf/2020-01_20462.pdf,352590,ok,2026-09-29
21241,MPC Press Release – March 2020,2020,3,2020-03-18,mpc-press-release-march-2020,https://www.bog.gov.gh/mpc_press_release/mpc-press-release-march-2020/,https://www.bog.gov.gh/wp-content/uploads/2020/03/MPC-Press-Release-March-2020-3.pdf,1,data/raw/pdf/2020-03_21241.pdf,385022,ok,2026-09-29
22716,MPC Press Release – MAY 2020,2020,5,2020-05-15,mpc-press-release-may-2020,https://www.bog.gov.gh/mpc_press_release/mpc-press-release-may-2020/,https://www.bog.gov.gh/wp-content/uploads/2020/05/MPC-Press-Release-15th-May-2020-2.pdf,1,data/raw/pdf/2020-05_22716.pdf,421926,ok,2026-09-29
24525,MPC Meeting – July 2020,2020,7,2020-07-06,mpc-meeting-july-2020,https://www.bog.gov.gh/mpc_press_release/mpc-meeting-july-2020/,https://www.bog.gov.gh/wp-content/uploads/2020/07/Notice-of-95th-MPC-Meeting.pdf,1,data/raw/pdf/2020-07_24525.pdf,602168,ok,2026-09-29
24959,Summary of Economic and Financial Data – July 2020,2020,7,2020-07-24,summary-of-economic-and-financial-data-july-2020,https://www.bog.gov.gh/mpc_press_release/summary-of-economic-and-financial-data-july-2020/,https://www.bog.gov.gh/wp-content/uploads/2020/07/Summary-of-Economic-Financial-Data-July-2020.pdf,1,data/raw/pdf/2020-07_24959.pdf,184258,ok,2026-09-29
25062,MPC Press Release – July 2020,2020,7,2020-07-27,mpc-press-release-july-2020,https://www.bog.gov.gh/mpc_press_release/mpc-press-release-july-2020/,https://www.bog.gov.gh/wp-content/uploads/2020/07/MPC-Press-Release-July-2020-1.pdf,1,data/raw/pdf/2020-07_25062.pdf,490279,ok,2026-09-29
25084,Real Sector Charts – July 2020,2020,7,2020-07-27,real-sector-charts-july-2020,https://www.bog.gov.gh/mpc_press_release/real-sector-charts-july-2020/,https://www.bog.gov.gh/wp-content/uploads/2020/07/Real-Sector-Charts-July-2020.pdf,1,data/raw/pdf/2020-07_25084.pdf,393308,ok,2026-09-29
25888,MPC Meeting – September 2020,2020,9,2020-09-01,mpc-meeting-september-2020,https://www.bog.gov.gh/mpc_press_release/mpc-meeting-september-2020/,https://www.bog.gov.gh/wp-content/uploads/2020/09/Notice_of_96th_MPC_Meeting.pdf,1,data/raw/pdf/2020-09_25888.pdf,342637,ok,2026-09-29
26157,MPC Press Release – September 2020,2020,9,2020-09-28,mpc-press-release-september-2020,https://www.bog.gov.gh/mpc_press_release/mpc-press-release-september-2020/,https://www.bog.gov.gh/wp-content/uploads/2020/09/MPC-Press-Release-September-2020-1.pdf,1,data/raw/pdf/2020-09_26157.pdf,366450,ok,2026-09-29
26649,MPC Meeting – November 2020,2020,11,2020-11-03,mpc-meeting-november-2020,https://www.bog.gov.gh/mpc_press_release/mpc-meeting-november-2020/,https://www.bog.gov.gh/wp-content/uploads/2020/11/Notice-of-97th-MPC-Meeting-1.pdf,1,data/raw/pdf/2020-11_26649.pdf,533944,ok,2026-09-29
26831,MPC Press Release – November 2020,2020,11,2020-11-23,mpc-press-release-november-2020,https://www.bog.gov.gh/mpc_press_release/mpc-press-release-november-2020/,https://www.bog.gov.gh/wp-content/uploads/2020/11/97th-MPC-Press-Release-23rd-November-2020-2.pdf,1,data/raw/pdf/2020-11_26831.pdf,366806,ok,2026-09-29
26931,Real Sector Charts – MPC November 2020,2020,11,2020-12-03,real-sector-charts-mpc-november-2020,https://www.bog.gov.gh/mpc_press_release/real-sector-charts-mpc-november-2020/,https://www.bog.gov.gh/wp-content/uploads/2020/12/Real-Sector-Charts_November-2020-1.pdf,1,data/raw/pdf/2020-11_26931.pdf,177976,ok,2026-09-29
27258,MPC Meeting – January 2021,2021,1,2021-01-12,mpc-meeting-january-2021,https://www.bog.gov.gh/mpc_press_release/mpc-meeting-january-2021/,https://www.bog.gov.gh/wp-content/uploads/2021/01/Notice-of-98th-MPC-Meetings.pdf,1,data/raw/pdf/2021-01_27258.pdf,434794,ok,2026-09-29
27901,MPC Meeting – March 2021,2021,3,2021-03-10,mpc-meeting-march-2021,https://www.bog.gov.gh/mpc_press_release/mpc-meeting-march-2021/,https://www.bog.gov.gh/wp-content/uploads/2021/03/Notice-of-99th-MPC-Meetings.pdf,1,data/raw/pdf/2021-03_27901.pdf,430809,ok,2026-09-29
28010,Summary of Economic and Financial Data – March 2021,2021,3,2021-03-19,summary-of-economic-and-financial-data-march-2021,https://www.bog.gov.gh/mpc_press_release/summary-of-economic-and-financial-data-march-2021/,https://www.bog.gov.gh/wp-content/uploads/2021/03/Summary-of-Economic-Financial-Data-March-2021-1.pdf,1,data/raw/pdf/2021-03_28010.pdf,185336,ok,2026-09-29
28020,MPC Press Release – March 2021,2021,3,2021-03-22,mpc-press-release-march-2021,https://www.bog.gov.gh/mpc_press_release/mpc-press-release-march-2021/,https://www.bog.gov.gh/wp-content/uploads/2021/03/MPC-Press-Release-March-2021.pdf,1,data/raw/pdf/2021-03_28020.pdf,387116,ok,2026-09-29
28169,Real Sector Charts – MPC March 2021,2021,3,2021-04-01,real-sector-charts-mpc-march-2021,https://www.bog.gov.gh/mpc_press_release/real-sector-charts-mpc-march-2021/,https://www.bog.gov.gh/wp-content/uploads/2021/04/Real-Sector-Charts_MPC-March-2021.pdf,1,data/raw/pdf/2021-03_28169.pdf,1287954,ok,2026-09-29
28784,MPC Press Release – May 2021,2021,5,2021-05-31,mpc-press-release-may-2021,https://www.bog.gov.gh/mpc_press_release/mpc-press-release-may-2021/,https://www.bog.gov.gh/wp-content/uploads/2021/05/100th-MPC-Press-Release-May-2021.pdf,1,data/raw/pdf/2021-05_28784.pdf,382380,ok,2026-09-29
28806,Real Sector Charts – MPC May 2021,2021,5,2021-05-31,real-sector-charts-mpc-may-2021,https://www.bog.gov.gh/mpc_press_release/real-sector-charts-mpc-may-2021/,https://www.bog.gov.gh/wp-content/uploads/2021/05/Real-Sector-Charts_March-2021-Data_29-MAY-MPC-MEETING.pdf,1,data/raw/pdf/2021-05_28806.pdf,1283620,ok,2026-09-29
29567,MPC Press Release – July 2021,2021,7,2021-07-26,mpc-press-release-july-2021,https://www.bog.gov.gh/mpc_press_release/mpc-press-release-july-2021/,https://www.bog.gov.gh/wp-content/uploads/2021/07/MPC-Press-Release-July-26-2021.pdf,1,data/raw/pdf/2021-07_29567.pdf,608733,ok,2026-09-29
29581,Real Sector Charts – MPC July 2021,2021,7,2021-07-27,real-sector-charts-mpc-july-2021,https://www.bog.gov.gh/mpc_press_release/real-sector-charts-mpc-july-2021/,https://www.bog.gov.gh/wp-content/uploads/2021/07/Real-Sector-Charts_July-2021-MPC.pdf,1,data/raw/pdf/2021-07_29581.pdf,1301104,ok,2026-09-29
29872,Inflation Outlook and Analysis Report – July 2021,2021,7,2021-08-24,inflation-outlook-and-analysis-report-july-2021,https://www.bog.gov.gh/mpc_press_release/inflation-outlook-and-analysis-report-july-2021/,https://www.bog.gov.gh/wp-content/uploads/2021/08/Inflation-Outlook-and-Analysis-July-2021.pdf,1,data/raw/pdf/2021-07_29872.pdf,671948,ok,2026-09-29
29875,Fiscal Developments Report – July 2021,2021,7,2021-08-24,fiscal-developments-report-july-2021,https://www.bog.gov.gh/mpc_press_release/fiscal-developments-report-july-2021/,https://www.bog.gov.gh/wp-content/uploads/2021/08/Fiscal-Developments-July-2021.pdf,1,data/raw/pdf/2021-07_29875.pdf,1411216,ok,2026-09-29
29878,Global Economic Developments and Ghana’s Balance of Payments – July 2021,2021,7,2021-08-24,global-economic-developments-and-ghanas-balance-of-payments-july-2021,https://www.bog.gov.gh/mpc_press_release/global-economic-developments-and-ghanas-balance-of-payments-july-2021/,https://www.bog.gov.gh/wp-content/uploads/2021/08/Global-Economic-Devts-Ghanas-Balance-of-Payments-July-2021.pdf,1,data/raw/pdf/2021-07_29878.pdf,1561026,ok,2026-09-29
29881,Real Sector Developments Report – July 2021,2021,7,2021-08-24,real-sector-developments-report-july-2021,https://www.bog.gov.gh/mpc_press_release/real-sector-developments-report-july-2021/,https://www.bog.gov.gh/wp-content/uploads/2021/08/Real-Sector-Developments-July-2021.docx.pdf,1,data/raw/pdf/2021-07_29881.pdf,807881,ok,2026-09-29
29886,Monetary and Financial Developments Report – July 2021,2021,7,2021-08-24,monetary-and-financial-developments-report-july-2021,https://www.bog.gov.gh/mpc_press_release/monetary-and-financial-developments-report-july-2021/,https://www.bog.gov.gh/wp-content/uploads/2021/08/Monetary-and-Financial-Developments-July-2021.pdf,1,data/raw/pdf/2021-07_29886.pdf,1028410,ok,2026-09-29
30280,MPC Press Release – September 2021,2021,9,2021-09-27,mpc-press-release-september-2021,https://www.bog.gov.gh/mpc_press_release/mpc-press-release-september-2021/,https://www.bog.gov.gh/wp-content/uploads/2021/09/MPC-Press-Release-September-2021.pdf,1,data/raw/pdf/2021-09_30280.pdf,604559,ok,2026-09-29
30810,Banking Sector Developments Report – September 2021,2021,9,2021-11-11,banking-sector-developments-report-september-2021,https://www.bog.gov.gh/mpc_press_release/banking-sector-developments-report-september-2021/,https://www.bog.gov.gh/wp-content/uploads/2021/11/Banking-Sector-Developments-September-2021-1.pdf,1,data/raw/pdf/2021-09_30810.pdf,1478060,ok,2026-09-29
30813,Inflation Outlook and Analysis Report – September 2021,2021,9,2021-11-11,inflation-outlook-and-analysis-report-september-2021,https://www.bog.gov.gh/mpc_press_release/inflation-outlook-and-analysis-report-september-2021/,https://www.bog.gov.gh/wp-content/uploads/2021/11/Inflation-Outlook-and-Analysis-September-2021.pdf,1,data/raw/pdf/2021-09_30813.pdf,616287,ok,2026-09-29
30816,Fiscal Developments Report – September 2021,2021,9,2021-11-11,fiscal-developments-report-september-2021,https://www.bog.gov.gh/mpc_press_release/fiscal-developments-report-september-2021/,https://www.bog.gov.gh/wp-content/uploads/2021/11/Fiscal-Developments-September-2021.pdf,1,data/raw/pdf/2021-09_30816.pdf,471068,ok,2026-09-29
30819,Global Economic Developments and Ghana’s Balance of Payments – September 2021,2021,9,2021-11-11,global-economic-developments-and-ghanas-balance-of-payments-september-2021,https://www.bog.gov.gh/mpc_press_release/global-economic-developments-and-ghanas-balance-of-payments-september-2021/,https://www.bog.gov.gh/wp-content/uploads/2021/11/Global-Economic-and-Ghanas-Balance-of-Payments-Developments-September-2021.pdf,1,data/raw/pdf/2021-09_30819.pdf,2013946,ok,2026-09-29
30822,Real Sector Developments Report – September 2021,2021,9,2021-11-11,real-sector-developments-report-september-2021,https://www.bog.gov.gh/mpc_press_release/real-sector-developments-report-september-2021/,https://www.bog.gov.gh/wp-content/uploads/2021/11/Real-Sector-Developments-September-2021.pdf,1,data/raw/pdf/2021-09_30822.pdf,811819,ok,2026-09-29
30825,Monetary and Financial Developments Report – September 2021,2021,9,2021-11-11,monetary-and-financial-developments-report-september-2021,https://www.bog.gov.gh/mpc_press_release/monetary-and-financial-developments-report-september-2021/,https://www.bog.gov.gh/wp-content/uploads/2021/11/Monetary-and-Financial-Developments-September-2021.pdf,1,data/raw/pdf/2021-09_30825.pdf,1134745,ok,2026-09-29
31087,MPC Press Release – November 2021,2021,11,2021-11-22,mpc-press-release-november-2021,https://www.bog.gov.gh/mpc_press_release/mpc-press-release-november-2021/,https://www.bog.gov.gh/wp-content/uploads/2021/12/MPC-Press-Release-November-2021.pdf,1,data/raw/pdf/2021-11_31087.pdf,491520,ok,2026-09-29
31090,Summary of Economic and Financial Data – November 2021,2021,11,2021-11-19,summary-of-economic-and-financial-data-november-2021,https://www.bog.gov.gh/mpc_press_release/summary-of-economic-and-financial-data-november-2021/,https://www.bog.gov.gh/wp-content/uploads/2021/12/Summary-of-Economic-and-Financial-Data-November-2021.pdf,1,data/raw/pdf/2021-11_31090.pdf,854987,ok,2026-09-29
31093,Summary of Economic and Financial Charts – November 2021,2021,11,2021-11-19,summary-of-economic-and-financial-charts-november-2021,https://www.bog.gov.gh/mpc_press_release/summary-of-economic-and-financial-charts-november-2021/,https://www.bog.gov.gh/wp-content/uploads/2021/12/Summary-of-Economic-and-Financial-Charts-November-2021.pdf,1,data/raw/pdf/2021-11_31093.pdf,836482,ok,2026-09-29
31925,MPC Press Release – January 2022,2022,1,2022-01-31,mpc-press-release-january-2022,https://www.bog.gov.gh/mpc_press_release/mpc-press-release-january-2022/,https://www.bog.gov.gh/wp-content/uploads/2022/01/MPC-Press-Release-January-2022.pdf,1,data/raw/pdf/2022-01_31925.pdf,512087,ok,2026-09-29
31931,Summary of Economic and Financial Data – January 2022,2022,1,2022-01-28,summary-of-economic-and-financial-data-january-2022,https://www.bog.gov.gh/mpc_press_release/summary-of-economic-and-financial-data-january-2022/,https://www.bog.gov.gh/wp-content/uploads/2022/01/Summary-of-Economic-and-Financial-Data-January-2022-1.pdf,1,data/raw/pdf/2022-01_31931.pdf,853511,ok,2026-09-29
32459,MPC Press Release – March 2022,2022,3,2022-03-21,mpc-press-release-march-2022,https://www.bog.gov.gh/mpc_press_release/mpc-press-release-march-2022/,https://www.bog.gov.gh/wp-content/uploads/2022/03/MPC-Press-Release-March-2022.pdf,1,data/raw/pdf/2022-03_32459.pdf,488093,ok,2026-09-29
33453,MPC Press Release – May 2022,2022,5,2022-05-23,mpc-press-release-may-2022,https://www.bog.gov.gh/mpc_press_release/mpc-press-release-may-2022/,https://www.bog.gov.gh/wp-content/uploads/2022/05/MPC-Press-Release-May-2022.pdf,1,data/raw/pdf/2022-05_33453.pdf,476854,ok,2026-09-29
34434,MPC Press Release – July 2022,2022,7,2022-07-25,mpc-press-release-july-2022,https://www.bog.gov.gh/mpc_press_release/mpc-press-release-july-2022/,https://www.bog.gov.gh/wp-content/uploads/2022/07/MPC-Press-Release-July-2022.pdf,1,data/raw/pdf/2022-07_34434.pdf,472709,ok,2026-09-29
34742,Emergency MPC Press Release – August 2022,2022,8,2022-08-17,emergency-mpc-press-release-august-2022,https://www.bog.gov.gh/mpc_press_release/emergency-mpc-press-release-august-2022/,https://www.bog.gov.gh/wp-content/uploads/2022/08/MPC-Press-Release-Emergency-MPC-Meeting-August-17-2022.pdf,1,data/raw/pdf/2022-08_34742.pdf,409726,ok,2026-09-29
35353,MPC Press Release – October 2022,2022,10,2022-10-06,mpc-press-release-october-2022,https://www.bog.gov.gh/mpc_press_release/mpc-press-release-october-2022/,https://www.bog.gov.gh/wp-content/uploads/2022/10/MPC-Press-Release-October-2022.pdf,1,data/raw/pdf/2022-10_35353.pdf,471151,ok,2026-09-29
35913,MPC Press Release – November 2022,2022,11,2022-11-28,mpc-press-release-november-2022,https://www.bog.gov.gh/mpc_press_release/mpc-press-release-november-2022/,https://www.bog.gov.gh/wp-content/uploads/2022/11/MPC-Press-Release-November-2022-1.pdf,1,data/raw/pdf/2022-11_35913.pdf,458394,ok,2026-09-29
36538,MPC Press Release – January 2023,2023,1,2023-01-30,mpc-press-release-january-2023,https://www.bog.gov.gh/mpc_press_release/mpc-press-release-january-2023/,https://www.bog.gov.gh/wp-content/uploads/2023/01/MPC-Press-Release-January-2023-1.pdf,1,data/raw/pdf/2023-01_36538.pdf,458510,ok,2026-09-29
37138,MPC Press Release – March 2023,2023,3,2023-03-27,mpc-press-release-march-2023,https://www.bog.gov.gh/mpc_press_release/mpc-press-release-march-2023/,https://www.bog.gov.gh/wp-content/uploads/2023/03/MPC-Press-Release-March-2023.pdf,1,data/raw/pdf/2023-03_37138.pdf,456971,ok,2026-09-29
37617,MPC Press Release – May 2023,2023,5,2023-05-22,mpc-press-release-may-2023,https://www.bog.gov.gh/mpc_press_release/mpc-press-release-may-2023/,https://www.bog.gov.gh/wp-content/uploads/2023/05/MPC-Press-Release-May-2023.pdf,1,data/raw/pdf/2023-05_37617.pdf,403585,ok,2026-09-29
38313,MPC Press Release – July 2023,2023,7,2023-07-24,mpc-press-release-july-2023,https://www.bog.gov.gh/mpc_press_release/mpc-press-release-july-2023/,https://www.bog.gov.gh/wp-content/uploads/2023/07/MPC-Press-Release-July-2023-240723.pdf,1,data/raw/pdf/2023-07_38313.pdf,218388,ok,2026-09-29
39045,MPC Press Release – September 2023,2023,9,2023-09-25,mpc-press-release-september-2023,https://www.bog.gov.gh/mpc_press_release/mpc-press-release-september-2023/,https://www.bog.gov.gh/wp-content/uploads/2023/09/MPC-Press-Release-September-2023.pdf,1,data/raw/pdf/2023-09_39045.pdf,196578,ok,2026-09-29
40339,MPC Press Release – November 2023,2023,11,2023-11-27,mpc-press-release-november-2023,https://www.bog.gov.gh/mpc_press_release/mpc-press-release-november-2023/,https://www.bog.gov.gh/wp-content/uploads/2023/11/MPC-Press-Release-November-2023.pdf,1,data/raw/pdf/2023-11_40339.pdf,235429,ok,2026-09-29
41136,MPC Press Release – January 2024,2024,1,2024-01-29,mpc-press-release-january-2024,https://www.bog.gov.gh/mpc_press_release/mpc-press-release-january-2024/,https://www.bog.gov.gh/wp-content/uploads/2024/01/MPC-Press-Release-January-2024.pdf,1,data/raw/pdf/2024-01_41136.pdf,251113,ok,2026-09-29
41149,MPC Press Release – March 2024,2024,3,2024-03-25,mpc-press-release-march-2024,https://www.bog.gov.gh/mpc_press_release/mpc-press-release-march-2024/,https://www.bog.gov.gh/wp-content/uploads/2024/01/MPC-Press-Release-March-2024.pdf,1,data/raw/pdf/2024-03_41149.pdf,272471,ok,2026-09-29
43039,MPC Press Release – May 2024,2024,5,2024-05-27,mpc-press-release-may-2024,https://www.bog.gov.gh/mpc_press_release/mpc-press-release-may-2024/,https://www.bog.gov.gh/wp-content/uploads/2024/05/MPC-Press-Release-May-2024.pdf,1,data/raw/pdf/2024-05_43039.pdf,269988,ok,2026-09-29
43894,MPC Press Release – July 2024,2024,7,2024-07-26,mpc-press-release-july-2024,https://www.bog.gov.gh/mpc_press_release/mpc-press-release-july-2024/,https://www.bog.gov.gh/wp-content/uploads/2024/07/MPC-Press-Release-July-2024-1.pdf,1,data/raw/pdf/2024-07_43894.pdf,259313,ok,2026-09-29
44551,MPC Press Release – September 2024,2024,9,2024-09-27,mpc-press-release-september-2024,https://www.bog.gov.gh/mpc_press_release/mpc-press-release-september-2024/,https://www.bog.gov.gh/wp-content/uploads/2024/09/MPC-Press-Release-September-2024.pdf,1,data/raw/pdf/2024-09_44551.pdf,250970,ok,2026-09-29
45213,MPC Press Release – November 2024,2024,11,2024-11-29,mpc-press-release-november-2024,https://www.bog.gov.gh/mpc_press_release/mpc-press-release-november-2024/,https://www.bog.gov.gh/wp-content/uploads/2024/11/MPC-Press-Statement-November-2024-291124.pdf,1,data/raw/pdf/2024-11_45213.pdf,178117,ok,2026-09-29
45870,MPC Press Release – January 2025,2025,1,2025-01-27,mpc-press-release-january-2025,https://www.bog.gov.gh/mpc_press_release/mpc-press-release-january-2025/,https://www.bog.gov.gh/wp-content/uploads/2025/01/MPC-Press-Statement-January-2025.pdf,1,data/raw/pdf/2025-01_45870.pdf,223903,ok,2026-09-29
46794,MPC Press Release – March 2025,2025,3,2025-03-28,mpc-press-release-march-2025,https://www.bog.gov.gh/mpc_press_release/mpc-press-release-march-2025/,https://www.bog.gov.gh/wp-content/uploads/2025/03/MPC-Press-Statement-March-2025-1.pdf,1,data/raw/pdf/2025-03_46794.pdf,231891,ok,2026-09-29
47535,MPC Press Release – May 2025,2025,5,2025-05-23,mpc-press-release-may-2025,https://www.bog.gov.gh/mpc_press_release/mpc-press-release-may-2025/,https://www.bog.gov.gh/wp-content/uploads/2025/05/MPC-Press-Release-May-2025-1.pdf,1,data/raw/pdf/2025-05_47535.pdf,226342,ok,2026-09-29
48644,MPC Press Release – July 2025,2025,7,2025-07-30,mpc-press-release-july-2025,https://www.bog.gov.gh/mpc_press_release/mpc-press-release-july-2025/,https://www.bog.gov.gh/wp-content/uploads/2025/07/MPC-Press-Release-July-2025.pdf,1,data/raw/pdf/2025-07_48644.pdf,208241,ok,2026-09-29
49573,MPC Press Release – September 2025,2025,9,2025-09-17,mpc-press-release-september-2025,https://www.bog.gov.gh/mpc_press_release/mpc-press-release-september-2025/,https://www.bog.gov.gh/wp-content/uploads/2025/09/MPC-Press-Release-September-2025-.pdf,1,data/raw/pdf/2025-09_49573.pdf,247720,ok,2026-09-29
50640,MPC Press Release – November 2025,2025,11,2025-11-26,mpc-press-release-november-2025,https://www.bog.gov.gh/mpc_press_release/mpc-press-release-november-2025/,https://www.bog.gov.gh/wp-content/uploads/2025/11/MPC-Press-Release-November-2025.pdf,1,data/raw/pdf/2025-11_50640.pdf,223006,ok,2026-09-29
51631,MPC Press Release – January 2026,2026,1,2026-01-28,mpc-press-release-january-2026,https://www.bog.gov.gh/mpc_press_release/mpc-press-release-january-2026/,https://www.bog.gov.gh/wp-content/uploads/2026/01/MPC-Press-Release-January-2026-.pdf,1,data/raw/pdf/2026-01_51631.pdf,229540,ok,2026-09-29
52472,MPC Press Release – March 2026,2026,3,2026-03-18,mpc-press-release-march-2026,https://www.bog.gov.gh/mpc_press_release/mpc-press-release-march-2026/,https://www.bog.gov.gh/wp-content/uploads/2026/03/MPC-Press-Release-March-2026-1-2.pdf,1,data/raw/pdf/2026-03_52472.pdf,181186,ok,2026-09-29
54283,MPC Press Release – May 2026,2026,5,2026-05-20,mpc-press-release-may-2026,https://www.bog.gov.gh/mpc_press_release/mpc-press-release-may-2026/,https://www.bog.gov.gh/wp-content/uploads/2026/05/MPC-Press-Release-May-2026-.pdf,1,data/raw/pdf/2026-05_54283.pdf,251844,ok,2026-09-29
55265,MPC Press Release – July 2026,2026,7,2026-07-22,mpc-press-release-july-2026,https://www.bog.gov.gh/mpc_press_release/mpc-press-release-july-2026/,https://www.bog.gov.gh/wp-content/uploads/2026/07/MPC-Press-Release-July-2026-1.pdf,1,data/raw/pdf/2026-07_55265.pdf,199760,ok,2026-09-29
56326,MPC Press Release – September 2026,2026,9,2026-09-24,mpc-press-release-september-2026,https://www.bog.gov.gh/mpc_press_release/mpc-press-release-september-2026/,https://www.bog.gov.gh/wp-content/uploads/2026/09/MPC-Press-Release-September-2026.pdf,1,data/raw/pdf/2026-09_56326.pdf,205057,ok,2026-09-29
