meeting_no,infl,note
7,24.6,Extractor returned 1.2 (average monthly inflation); statement says fell to 24.6 percent in October 2003
51,9.3,Extractor returned 2.5 (global inflation); statement says increased to 9.3 per cent in May 2012
54,8.8,Extractor returned 3.9 (a different measure); statement says in January 2013 inflation remained unchanged at 8.8 per cent
62,16.5,Extractor returned 0.3 (euro area inflation); statement says headline inflation reached 16.5 percent
35,20.1,Extractor took April 2009 (20.6); statement says inflation declined to 20.1 percent in May
36,19.7,Extractor took June 2009 (20.7); statement says 19.7 percent by end of August 2009
39,13.2,Extractor took March 2009 (20.5); statement says dropped to 13.2 per cent last month
121,22.1,Extractor took August (20.4); statement says rose further to 22.1 percent in October 2024
37,18.0,Extractor took the June 2009 peak (20.7); statement says CPI inflation fell to 18.0 percent by October 2009
38,14.8,Extractor took 18 from the policy rate sentence; statement says inflation declined to 14.8 percent in January 2010
118,25.0,Extractor took December 2023 (23.1); statement says in April inflation eased to 25 percent
122,23.8,Extractor took March 2024 (25.8); statement gives no December 2024 headline figure; 23.8 for December 2024 is from the next statement (meeting 123)
123,23.1,Extractor took the excluding-energy measure (22.4); statement says headline inflation eased to 23.1 percent in February 2025
8,22.4,Extractor took December 2003 (23.6); statement says dropped further to 22.4 per cent by January 2004
18,14.8,Extractor took the March 2005 peak (16.7); statement says ended at 14.8 percent in December 2005
20,9.5,Extractor took March (9.9); statement says 9.5 percent in April 2006
22,11.2,Extractor took July (11.4); statement says fell marginally to 11.2 per cent at the end of August
29,13.2,Extractor took January (12.8); statement says further to 13.2 percent in February 2008
32,17.9,Extractor took June (18.4); statement says fell in three consecutive months to 17.9 percent in September
57,11.5,Extractor took July (11.8); statement says fell marginally to 11.5 percent at the end of August
63,16.4,Extractor took the Nov-Dec 2014 peak (17); statement says declined to 16.4 percent in January 2015
72,16.9,Extractor took June (18.4); statement says edging up to 16.9 percent in August 2016
75,13.2,Extractor took December (15.4); statement says further down to 13.2 percent in February 2017
77,12.1,Extractor took May (12.6); statement says subsequently to 12.1 percent in June
81,10.6,Extractor took January (10.3); statement says edging up marginally to 10.6 percent in February
71,18.4,Extractor took April from a recap of the May meeting (18.7); statement says has since declined to 18.4 percent in June
76,13.0,Extractor took March (12.8); statement says in April the rate inched up to 13.0 percent
84,9.9,Extractor took July (9.6); statement says edged up to 9.9 percent in August
88,9.5,Extractor took March (9.3); statement says further to 9.5 percent in April
89,9.1,Extractor took May (9.4); statement says further to 9.1 percent in June
99,10.3,Extractor took January (9.9); statement says went up to 10.3 percent in February
103,11.0,Extractor took September (10.6); statement says further up to 11.0 percent in October
106,23.6,Extractor took March (19.4); statement says 23.6 percent in April
107,29.8,Extractor took May (27.6); statement says further up to 29.8 percent in June
111,52.8,Extractor took the December 2022 peak (54.1); statement says to 52.8 percent in February
112,41.2,Extractor took March (45.0); statement says then to 41.2 percent in April 2023
91,7.7,Extractor took the 8 percent central path; statement says inched up to 7.7 percent in October
92,8.2,Extractor took the 8.0 percent central path; statement says increased to 8.2 percent in November
101,7.8,Extractor took May (7.5); statement says ticking up to 7.8 percent in June 2021
102,9.7,Extractor took July (9.0); statement says further up to 9.7 percent in August
9,11.2,No value extracted; statement says ticked up to 11.2 percent in April 2004
11,12.6,No value extracted; statement says declined to 12.6 percent by September 2004
17,15.4,No value extracted; statement says up from 14.7 percent in August to 15.4 percent in October 2005
21,10.5,No value extracted; statement says edging up to 10.5 percent in June 2006
24,10.4,No value extracted; statement says dropped to 10.4 percent at the end of February 2007
30,15.3,No value extracted; statement says further to 15.3 percent in April 2008
31,18.4,No value extracted; statement says increased to 18.4 percent at the end of June 2008
60,14.8,No value extracted; statement says reached 14.8 percent in May 2014
61,15.9,No value extracted; statement says reaching 15.9 percent in August 2014
64,16.6,No value extracted; statement says moved further to 16.6 percent in March 2015
87,9.2,No value extracted; statement says inched up to 9.2 percent in February 2019
96,10.5,No value extracted; statement says now at 10.5 percent in August 2020
97,10.1,No value extracted; statement says reported at 10.1 percent for October 2020
105,15.7,No value extracted; statement says 15.7 percent at the end of February 2022
120,20.4,No value extracted; statement says declined to 20.4 percent in August 2024
124,21.2,No value extracted; statement says to 21.2 percent in April 2025
127,8.0,No value extracted; statement says eased to 8.0 percent in October 2025
129,3.3,No value extracted; statement says declined further to 3.3 per cent in February 2026
132,5.0,No value extracted; statement says increased to 5.0 percent in August 2026
